/*
SQLyog Professional v13.1.1 (64 bit)
MySQL - 8.0.30 : Database - prod_cetak_sertifikat
*********************************************************************
*/

/*!40101 SET NAMES utf8 */;

/*!40101 SET SQL_MODE=''*/;

/*!40014 SET @OLD_UNIQUE_CHECKS=@@UNIQUE_CHECKS, UNIQUE_CHECKS=0 */;
/*!40014 SET @OLD_FOREIGN_KEY_CHECKS=@@FOREIGN_KEY_CHECKS, FOREIGN_KEY_CHECKS=0 */;
/*!40101 SET @OLD_SQL_MODE=@@SQL_MODE, SQL_MODE='NO_AUTO_VALUE_ON_ZERO' */;
/*!40111 SET @OLD_SQL_NOTES=@@SQL_NOTES, SQL_NOTES=0 */;
CREATE DATABASE /*!32312 IF NOT EXISTS*/`prod_cetak_sertifikat` /*!40100 DEFAULT CHARACTER SET utf8mb4 COLLATE utf8mb4_general_ci */ /*!80016 DEFAULT ENCRYPTION='N' */;

USE `prod_cetak_sertifikat`;

/*Table structure for table `certificates` */

DROP TABLE IF EXISTS `certificates`;

CREATE TABLE `certificates` (
  `certificate_id` bigint unsigned NOT NULL AUTO_INCREMENT,
  `participant_id` int NOT NULL,
  `certificate_no` varchar(255) CHARACTER SET utf8mb4 COLLATE utf8mb4_unicode_ci NOT NULL,
  `certificate_date` date NOT NULL,
  `winner_id` int NOT NULL,
  `created_id` int DEFAULT '1',
  `data_state` int NOT NULL DEFAULT '0',
  `created_at` timestamp NULL DEFAULT NULL,
  `updated_at` timestamp NULL DEFAULT NULL,
  PRIMARY KEY (`certificate_id`)
) ENGINE=InnoDB AUTO_INCREMENT=490 DEFAULT CHARSET=utf8mb4 COLLATE=utf8mb4_unicode_ci;

/*Data for the table `certificates` */

insert  into `certificates`(`certificate_id`,`participant_id`,`certificate_no`,`certificate_date`,`winner_id`,`created_id`,`data_state`,`created_at`,`updated_at`) values 
(9,1,'1','2023-12-30',1,1,1,'2023-12-30 01:48:48','2023-12-30 02:25:23'),
(10,158,'1','2023-12-30',4,1,0,'2023-12-30 01:57:58','2023-12-30 01:57:58'),
(11,159,'1','2023-12-30',3,1,0,'2023-12-30 02:03:59','2023-12-30 02:03:59'),
(12,139,'1','2023-12-30',5,1,0,'2023-12-30 02:41:01','2023-12-30 02:41:01'),
(13,294,'1','2023-12-30',6,1,0,'2023-12-30 02:42:26','2023-12-30 02:42:26'),
(14,418,'1','2023-12-30',7,1,0,'2023-12-30 02:44:28','2023-12-30 02:44:28'),
(15,419,'1','2023-12-30',7,1,0,'2023-12-30 02:49:06','2023-12-30 02:49:06'),
(16,297,'1','2023-12-30',9,1,0,'2023-12-30 03:03:51','2023-12-30 03:03:51'),
(17,301,'1','2023-12-30',10,1,0,'2023-12-30 03:06:14','2023-12-30 03:06:14'),
(18,298,'1','2023-12-30',11,1,0,'2023-12-30 03:07:37','2023-12-30 03:07:37'),
(19,32,'1','2023-12-30',11,1,0,'2023-12-30 03:09:07','2023-12-30 03:09:07'),
(20,162,'1','2023-12-30',15,1,0,'2023-12-30 03:46:38','2023-12-30 03:46:38'),
(21,431,'1','2023-12-30',16,1,0,'2023-12-30 03:48:16','2023-12-30 03:48:16'),
(22,432,'1','2023-12-30',17,1,0,'2023-12-30 03:49:49','2023-12-30 03:49:49'),
(23,390,'1','2023-12-30',17,1,0,'2023-12-30 03:57:05','2023-12-30 03:57:05'),
(24,299,'1','2023-12-30',12,1,0,'2023-12-30 03:59:33','2023-12-30 03:59:33'),
(25,200,'1','2023-12-30',13,1,0,'2023-12-30 04:01:24','2023-12-30 04:01:24'),
(26,27,'1','2023-12-30',14,1,0,'2023-12-30 04:03:04','2023-12-30 04:03:04'),
(27,26,'1','2023-12-30',14,1,0,'2023-12-30 04:05:00','2023-12-30 04:05:00'),
(28,25,'1','2023-12-30',18,1,0,'2023-12-30 04:42:46','2023-12-30 04:42:46'),
(29,435,'1','2023-12-30',19,1,0,'2023-12-30 04:44:30','2023-12-30 04:44:30'),
(30,267,'1','2023-12-30',20,1,0,'2023-12-30 04:45:54','2023-12-30 04:45:54'),
(31,436,'1','2023-12-30',20,1,0,'2023-12-30 04:47:27','2023-12-30 04:47:27'),
(32,402,'1','2023-12-30',21,NULL,0,'2023-12-30 07:36:14','2023-12-30 07:36:14'),
(33,163,'1','2023-12-30',22,NULL,0,'2023-12-30 07:56:41','2023-12-30 07:56:41'),
(34,100,'1','2023-12-30',23,NULL,0,'2023-12-30 07:56:57','2023-12-30 07:56:57'),
(35,312,'1','2023-12-30',23,NULL,0,'2023-12-30 07:57:32','2023-12-30 07:57:32'),
(36,311,'1','2023-12-30',24,NULL,0,'2023-12-30 07:58:44','2023-12-30 07:58:44'),
(37,310,'1','2023-12-30',25,NULL,0,'2023-12-30 08:00:23','2023-12-30 08:00:23'),
(38,204,'1','2023-12-30',26,NULL,0,'2023-12-30 08:00:40','2023-12-30 08:00:40'),
(39,396,'1','2023-12-30',26,NULL,0,'2023-12-30 08:01:02','2023-12-30 08:01:02'),
(40,316,'1','2023-12-30',27,NULL,0,'2023-12-30 08:02:25','2023-12-30 08:02:25'),
(41,1,'1','2023-12-30',28,NULL,0,'2023-12-30 08:02:55','2023-12-30 08:02:55'),
(42,286,'1','2023-12-30',29,NULL,0,'2023-12-30 08:03:16','2023-12-30 08:03:16'),
(43,532,'1','2023-12-30',29,NULL,0,'2023-12-30 08:03:40','2023-12-30 08:03:40'),
(44,50,'1','2023-12-30',30,NULL,0,'2023-12-30 08:04:38','2023-12-30 08:04:38'),
(45,137,'1','2023-12-30',31,NULL,0,'2023-12-30 08:05:10','2023-12-30 08:05:10'),
(46,291,'1','2023-12-30',32,NULL,0,'2023-12-30 08:05:27','2023-12-30 08:05:27'),
(47,534,'1','2023-12-30',32,NULL,0,'2023-12-30 08:06:56','2023-12-30 08:06:56'),
(48,411,'1','2023-12-30',33,NULL,0,'2023-12-30 08:08:21','2023-12-30 08:08:21'),
(49,207,'1','2023-12-30',34,NULL,0,'2023-12-30 08:08:43','2023-12-30 08:08:43'),
(50,386,'1','2023-12-30',35,NULL,0,'2023-12-30 08:09:04','2023-12-30 08:09:04'),
(51,412,'1','2023-12-30',36,NULL,0,'2023-12-30 08:59:10','2023-12-30 08:59:10'),
(52,413,'1','2023-12-30',37,NULL,0,'2023-12-30 08:59:56','2023-12-30 08:59:56'),
(53,295,'1','2023-12-30',38,NULL,0,'2023-12-30 09:02:52','2023-12-30 09:02:52'),
(54,419,'1','2023-12-30',39,NULL,0,'2023-12-30 09:03:46','2023-12-30 09:03:46'),
(55,342,'1','2023-12-30',40,NULL,0,'2023-12-30 09:05:10','2023-12-30 09:05:10'),
(56,535,'1','2023-12-30',40,NULL,0,'2023-12-30 09:07:25','2023-12-30 09:07:25'),
(57,296,'1','2023-12-30',41,NULL,0,'2023-12-30 09:09:58','2023-12-30 09:09:58'),
(58,158,'1','2023-12-30',42,NULL,0,'2023-12-30 09:10:47','2023-12-30 09:10:47'),
(59,331,'1','2023-12-30',43,NULL,0,'2023-12-30 09:12:12','2023-12-30 09:12:12'),
(60,422,'1','2023-12-30',44,NULL,0,'2023-12-30 09:13:04','2023-12-30 09:13:04'),
(61,301,'1','2023-12-30',45,NULL,0,'2023-12-30 09:14:54','2023-12-30 09:14:54'),
(62,298,'1','2023-12-30',46,NULL,0,'2023-12-30 09:15:38','2023-12-30 09:15:38'),
(63,110,'1','2023-12-30',47,NULL,0,'2023-12-30 09:17:36','2023-12-30 09:17:36'),
(64,105,'1','2023-12-30',48,NULL,0,'2023-12-30 09:18:17','2023-12-30 09:18:17'),
(65,413,'1','2023-12-30',36,NULL,0,'2023-12-30 09:21:12','2023-12-30 09:21:12'),
(66,412,'1','2023-12-30',37,NULL,0,'2023-12-30 09:21:57','2023-12-30 09:21:57'),
(67,200,'1','2023-12-30',49,NULL,0,'2023-12-30 09:23:52','2023-12-30 09:23:52'),
(68,303,'1','2023-12-30',50,NULL,0,'2023-12-30 09:24:28','2023-12-30 09:24:28'),
(69,428,'1','2023-12-30',51,NULL,0,'2023-12-30 09:25:18','2023-12-30 09:25:18'),
(70,429,'1','2023-12-30',51,NULL,0,'2023-12-30 09:25:59','2023-12-30 09:25:59'),
(71,430,'1','2023-12-30',52,NULL,0,'2023-12-30 09:27:37','2023-12-30 09:27:37'),
(72,536,'1','2023-12-30',53,NULL,0,'2023-12-30 09:29:10','2023-12-30 09:29:10'),
(73,243,'1','2023-12-30',54,NULL,0,'2023-12-30 09:30:04','2023-12-30 09:30:04'),
(74,302,'1','2023-12-30',55,NULL,0,'2023-12-30 09:33:21','2023-12-30 09:33:21'),
(75,299,'1','2023-12-30',56,NULL,0,'2023-12-30 09:34:24','2023-12-30 09:34:24'),
(76,297,'1','2023-12-30',58,NULL,0,'2023-12-30 09:36:50','2023-12-30 09:36:50'),
(77,104,'1','2023-12-30',59,NULL,0,'2023-12-30 09:37:51','2023-12-30 09:37:51'),
(78,300,'1','2023-12-30',60,NULL,0,'2023-12-30 09:39:11','2023-12-30 09:39:11'),
(79,354,'1','2023-12-30',60,NULL,0,'2023-12-30 09:39:49','2023-12-30 09:39:49'),
(80,308,'1','2023-12-30',61,NULL,0,'2023-12-30 09:41:39','2023-12-30 09:41:39'),
(81,379,'1','2023-12-30',62,NULL,0,'2023-12-30 09:42:30','2023-12-30 09:42:30'),
(82,380,'1','2023-12-30',63,NULL,0,'2023-12-30 09:43:02','2023-12-30 09:43:02'),
(83,537,'1','2023-12-30',64,NULL,0,'2023-12-30 09:46:57','2023-12-30 09:46:57'),
(84,305,'1','2023-12-30',65,NULL,0,'2023-12-30 09:47:43','2023-12-30 09:47:43'),
(85,381,'1','2023-12-30',66,NULL,0,'2023-12-30 09:48:24','2023-12-30 09:48:24'),
(86,382,'1','2023-12-30',66,NULL,0,'2023-12-30 09:51:10','2023-12-30 09:51:10'),
(87,96,'1','2023-12-30',67,NULL,0,'2023-12-30 09:54:15','2023-12-30 09:54:15'),
(88,438,'1','2023-12-30',68,NULL,0,'2023-12-30 09:55:18','2023-12-30 09:55:18'),
(89,377,'1','2023-12-30',70,NULL,0,'2023-12-30 09:57:24','2023-12-30 09:57:24'),
(90,392,'1','2023-12-30',71,NULL,0,'2023-12-30 09:58:04','2023-12-30 09:58:04'),
(91,309,'1','2023-12-30',72,NULL,0,'2023-12-30 09:58:58','2023-12-30 09:58:58'),
(92,436,'1','2023-12-30',72,NULL,0,'2023-12-30 09:59:42','2023-12-30 09:59:42'),
(93,139,'1','2023-12-30',73,NULL,0,'2023-12-30 10:01:24','2023-12-30 10:01:24'),
(94,293,'1','2023-12-30',74,NULL,0,'2023-12-30 10:01:54','2023-12-30 10:01:54'),
(95,388,'1','2023-12-30',75,NULL,0,'2023-12-30 10:03:28','2023-12-30 10:03:28'),
(96,390,'1','2023-12-30',76,NULL,0,'2023-12-30 10:13:19','2023-12-30 10:13:19'),
(97,309,'1','2023-12-30',72,NULL,0,'2023-12-30 10:24:09','2023-12-30 10:24:09'),
(98,162,'1','2023-12-30',77,NULL,0,'2023-12-30 10:29:06','2023-12-30 10:29:06'),
(99,45,'1','2023-12-30',78,NULL,0,'2023-12-30 10:29:39','2023-12-30 10:29:39'),
(100,306,'1','2023-12-30',78,NULL,0,'2023-12-30 10:30:33','2023-12-30 10:30:33'),
(101,25,'1','2023-12-30',79,NULL,0,'2023-12-30 10:31:44','2023-12-30 10:31:44'),
(102,395,'1','2023-12-30',80,NULL,0,'2023-12-30 10:33:38','2023-12-30 10:33:38'),
(103,378,'1','2023-12-30',81,NULL,0,'2023-12-30 10:35:31','2023-12-30 10:35:31'),
(104,538,'1','2023-12-30',81,NULL,0,'2023-12-30 10:37:56','2023-12-30 10:37:56'),
(105,399,'1','2023-12-30',82,NULL,0,'2023-12-30 10:39:11','2023-12-30 10:39:11'),
(106,539,'1','2023-12-30',83,NULL,0,'2023-12-30 10:40:23','2023-12-30 10:40:23'),
(107,164,'1','2023-12-30',84,NULL,0,'2023-12-30 10:41:48','2023-12-30 10:41:48'),
(108,138,'1','2023-12-30',83,NULL,0,'2023-12-30 10:42:56','2023-12-30 10:42:56'),
(109,446,'1','2023-12-30',86,NULL,0,'2023-12-30 10:48:24','2023-12-30 10:48:24'),
(110,384,'1','2023-12-30',86,NULL,0,'2023-12-30 10:49:49','2023-12-30 10:49:49'),
(111,310,'1','2023-12-30',87,NULL,0,'2023-12-30 10:51:49','2023-12-30 10:51:49'),
(112,403,'1','2023-12-30',88,NULL,0,'2023-12-30 10:52:19','2023-12-30 10:52:19'),
(113,280,'1','2023-12-30',89,NULL,0,'2023-12-30 10:52:56','2023-12-30 10:52:56'),
(114,205,'1','2023-12-30',89,NULL,0,'2023-12-30 10:53:35','2023-12-30 10:53:35'),
(115,313,'1','2023-12-30',90,NULL,0,'2023-12-30 10:59:36','2023-12-30 10:59:36'),
(116,540,'1','2023-12-30',91,NULL,0,'2023-12-30 11:00:45','2023-12-30 11:00:45'),
(117,102,'1','2023-12-30',92,NULL,0,'2023-12-30 11:01:27','2023-12-30 11:01:27'),
(118,163,'1','2023-12-30',92,NULL,0,'2023-12-30 11:02:03','2023-12-30 11:02:03'),
(119,311,'1','2023-12-30',93,NULL,0,'2023-12-30 11:03:54','2023-12-30 11:03:54'),
(120,315,'1','2023-12-30',94,NULL,0,'2023-12-30 11:04:34','2023-12-30 11:04:34'),
(121,206,'1','2023-12-30',95,NULL,0,'2023-12-30 11:05:08','2023-12-30 11:05:08'),
(122,541,'1','2023-12-30',95,NULL,0,'2023-12-30 11:06:44','2023-12-30 11:06:44'),
(123,396,'1','2023-12-30',96,NULL,0,'2023-12-30 11:08:32','2023-12-30 11:08:32'),
(124,204,'1','2023-12-30',97,NULL,0,'2023-12-30 11:09:08','2023-12-30 11:09:08'),
(125,400,'1','2023-12-30',98,NULL,0,'2023-12-30 11:09:55','2023-12-30 11:09:55'),
(126,203,'1','2023-12-30',98,NULL,0,'2023-12-30 11:10:25','2023-12-30 11:10:25'),
(127,394,'1','2023-12-30',64,NULL,0,'2023-12-30 11:15:43','2023-12-30 11:15:43'),
(128,391,'1','2023-12-30',101,NULL,0,'2023-12-30 11:25:37','2023-12-30 11:25:37'),
(129,304,'1','2023-12-30',99,NULL,0,'2023-12-30 11:26:55','2023-12-30 11:26:55'),
(130,435,'1','2023-12-30',99,NULL,0,'2023-12-30 11:28:44','2023-12-30 11:28:44'),
(131,542,'1','2023-12-30',56,NULL,0,'2023-12-30 11:32:03','2023-12-30 11:32:03'),
(132,391,'1','2023-12-30',101,NULL,0,'2023-12-30 11:34:16','2023-12-30 11:34:16'),
(133,304,'1','2023-12-30',102,NULL,0,'2023-12-30 11:35:15','2023-12-30 11:35:15'),
(134,392,'1','2023-12-30',71,NULL,0,'2023-12-30 11:37:41','2023-12-30 11:37:41'),
(135,315,'1','2023-12-30',94,NULL,0,'2023-12-30 11:40:10','2023-12-30 11:40:10'),
(136,541,'1','2023-12-30',95,NULL,0,'2023-12-30 11:42:02','2023-12-30 11:42:02'),
(137,437,'1','2023-12-30',100,NULL,0,'2023-12-30 11:42:44','2023-12-30 11:42:44'),
(138,397,'1','2023-12-30',108,NULL,0,'2023-12-30 11:45:53','2023-12-30 11:45:53'),
(139,401,'1','2023-12-30',109,NULL,0,'2023-12-30 11:46:24','2023-12-30 11:46:24'),
(140,447,'1','2023-12-30',110,NULL,0,'2023-12-30 11:47:08','2023-12-30 11:47:08'),
(141,100,'1','2023-12-30',110,NULL,0,'2023-12-30 11:47:45','2023-12-30 11:47:45'),
(142,389,'1','2023-12-30',103,NULL,0,'2023-12-30 11:52:12','2023-12-30 11:52:12'),
(143,114,'1','2023-12-30',113,NULL,0,'2023-12-30 12:00:20','2023-12-30 12:00:20'),
(144,405,'1','2023-12-30',114,NULL,0,'2023-12-30 12:05:28','2023-12-30 12:05:28'),
(145,317,'1','2023-12-30',115,NULL,0,'2023-12-30 12:07:00','2023-12-30 12:07:00'),
(146,407,'1','2023-12-30',117,NULL,0,'2023-12-30 12:08:24','2023-12-30 12:08:24'),
(147,316,'1','2023-12-30',118,NULL,0,'2023-12-30 12:10:00','2023-12-30 12:10:00'),
(148,99,'1','2023-12-30',116,NULL,0,'2023-12-30 12:11:17','2023-12-30 12:11:17'),
(149,108,'1','2023-12-30',119,NULL,0,'2023-12-30 12:13:46','2023-12-30 12:13:46'),
(150,402,'1','2023-12-30',111,NULL,0,'2023-12-30 12:17:24','2023-12-30 12:17:24'),
(151,406,'1','2023-12-30',119,NULL,0,'2023-12-30 12:22:26','2023-12-30 12:22:26'),
(152,387,'1','2023-12-30',120,NULL,0,'2023-12-30 12:24:36','2023-12-30 12:24:36'),
(153,385,'1','2023-12-31',121,1,0,'2023-12-31 01:06:28','2023-12-31 01:06:28'),
(154,291,'1','2023-12-31',122,1,0,'2023-12-31 01:07:29','2023-12-31 01:07:29'),
(155,543,'1','2023-12-31',122,1,0,'2023-12-31 01:10:04','2023-12-31 01:10:04'),
(156,1,'1','2023-12-31',123,1,0,'2023-12-31 01:25:49','2023-12-31 01:25:49'),
(157,318,'1','2023-12-31',125,1,0,'2023-12-31 01:28:14','2023-12-31 01:28:14'),
(158,544,'1','2023-12-31',126,1,0,'2023-12-31 01:29:48','2023-12-31 01:29:48'),
(159,283,'1','2023-12-31',129,1,0,'2023-12-31 01:31:43','2023-12-31 01:31:43'),
(160,449,'1','2023-12-31',128,1,0,'2023-12-31 01:32:19','2023-12-31 01:32:19'),
(161,50,'1','2023-12-31',130,1,0,'2023-12-31 01:32:59','2023-12-31 01:32:59'),
(162,414,'1','2023-12-31',131,1,0,'2023-12-31 02:08:34','2023-12-31 02:08:34'),
(163,417,'1','2023-12-31',132,1,0,'2023-12-31 02:09:27','2023-12-31 02:09:27'),
(164,451,'1','2023-12-31',133,1,0,'2023-12-31 02:11:01','2023-12-31 02:11:01'),
(165,415,'1','2023-12-31',137,1,0,'2023-12-31 02:12:51','2023-12-31 02:12:51'),
(166,51,'1','2023-12-31',138,1,0,'2023-12-31 02:14:21','2023-12-31 02:14:21'),
(167,408,'1','2023-12-31',134,1,0,'2023-12-31 02:16:03','2023-12-31 02:16:03'),
(168,109,'1','2023-12-31',135,1,0,'2023-12-31 02:17:01','2023-12-31 02:17:01'),
(169,320,'1','2023-12-31',136,1,0,'2023-12-31 02:18:40','2023-12-31 02:18:40'),
(170,409,'1','2023-12-31',136,1,0,'2023-12-31 02:21:47','2023-12-31 02:21:47'),
(171,545,'1','2023-12-31',140,1,0,'2023-12-31 02:30:37','2023-12-31 02:30:37'),
(172,410,'1','2023-12-31',141,1,0,'2023-12-31 02:31:18','2023-12-31 02:31:18'),
(173,319,'1','2023-12-31',143,1,0,'2023-12-31 02:33:40','2023-12-31 02:33:40'),
(174,292,'1','2023-12-31',144,1,0,'2023-12-31 02:35:09','2023-12-31 02:35:09'),
(175,52,'1','2023-12-31',145,1,0,'2023-12-31 02:35:43','2023-12-31 02:35:43'),
(176,416,'1','2023-12-31',145,1,0,'2023-12-31 02:36:14','2023-12-31 02:36:14'),
(177,412,'1','2023-12-31',146,1,0,'2023-12-31 02:38:16','2023-12-31 02:38:16'),
(178,322,'1','2023-12-31',184,1,0,'2023-12-31 03:41:52','2023-12-31 03:41:52'),
(179,172,'1','2023-12-31',185,1,0,'2023-12-31 03:43:17','2023-12-31 03:43:17'),
(180,234,'1','2023-12-31',186,1,0,'2023-12-31 03:45:03','2023-12-31 03:45:03'),
(181,174,'1','2023-12-31',186,1,0,'2023-12-31 03:45:42','2023-12-31 03:45:42'),
(182,546,'1','2023-12-31',184,1,0,'2023-12-31 03:47:42','2023-12-31 03:47:42'),
(183,208,'1','2023-12-31',185,1,0,'2023-12-31 03:48:39','2023-12-31 03:48:39'),
(184,168,'1','2023-12-31',186,1,0,'2023-12-31 03:49:18','2023-12-31 03:49:18'),
(185,232,'1','2023-12-31',186,1,0,'2023-12-31 03:49:52','2023-12-31 03:49:52'),
(186,323,'1','2023-12-31',184,1,0,'2023-12-31 03:50:33','2023-12-31 03:50:33'),
(187,165,'1','2023-12-31',185,1,0,'2023-12-31 03:51:06','2023-12-31 03:51:06'),
(188,171,'1','2023-12-31',186,1,0,'2023-12-31 03:52:02','2023-12-31 03:52:02'),
(189,167,'1','2023-12-31',186,1,0,'2023-12-31 03:53:03','2023-12-31 03:53:03'),
(190,455,'1','2023-12-31',151,1,0,'2023-12-31 03:58:53','2023-12-31 03:58:53'),
(191,293,'1','2023-12-31',151,1,0,'2023-12-31 04:02:02','2023-12-31 04:02:02'),
(192,547,'1','2023-12-31',152,1,1,'2023-12-31 04:02:56','2023-12-31 04:03:02'),
(193,547,'1','2023-12-31',153,1,0,'2023-12-31 04:03:29','2023-12-31 04:03:29'),
(194,210,'1','2023-12-31',151,1,0,'2023-12-31 04:04:49','2023-12-31 04:04:49'),
(195,454,'1','2023-12-31',152,1,0,'2023-12-31 04:05:58','2023-12-31 04:05:58'),
(196,119,'1','2023-12-31',153,1,0,'2023-12-31 04:06:42','2023-12-31 04:06:42'),
(197,236,'1','2023-12-31',153,1,0,'2023-12-31 04:07:18','2023-12-31 04:07:18'),
(198,420,'1','2023-12-31',151,1,0,'2023-12-31 04:08:43','2023-12-31 04:08:43'),
(199,332,'1','2023-12-31',152,1,0,'2023-12-31 04:09:23','2023-12-31 04:09:23'),
(200,549,'1','2023-12-31',153,1,0,'2023-12-31 04:10:38','2023-12-31 04:10:38'),
(201,151,'1','2023-12-31',151,1,0,'2023-12-31 04:11:28','2023-12-31 04:11:28'),
(202,550,'1','2023-12-31',152,1,0,'2023-12-31 04:12:51','2023-12-31 04:12:51'),
(203,325,'1','2023-12-31',153,1,0,'2023-12-31 04:13:21','2023-12-31 04:13:21'),
(204,17,'1','2023-12-31',151,1,0,'2023-12-31 04:14:03','2023-12-31 04:14:03'),
(205,551,'1','2023-12-31',152,1,0,'2023-12-31 04:15:29','2023-12-31 04:15:29'),
(206,552,'1','2023-12-31',153,1,0,'2023-12-31 04:16:16','2023-12-31 04:16:16'),
(207,16,'1','2023-12-31',151,1,0,'2023-12-31 04:17:03','2023-12-31 04:17:03'),
(208,30,'1','2023-12-31',152,1,0,'2023-12-31 04:18:07','2023-12-31 04:18:07'),
(209,295,'1','2023-12-31',153,1,0,'2023-12-31 04:18:37','2023-12-31 04:18:37'),
(210,553,'1','2023-12-31',153,1,0,'2023-12-31 04:20:26','2023-12-31 04:20:26'),
(211,339,'1','2023-12-31',149,1,0,'2023-12-31 04:21:12','2023-12-31 04:21:12'),
(212,336,'1','2023-12-31',150,1,0,'2023-12-31 04:21:42','2023-12-31 04:21:42'),
(213,148,'1','2023-12-31',154,1,0,'2023-12-31 04:22:23','2023-12-31 04:22:23'),
(214,554,'1','2023-12-31',154,1,0,'2023-12-31 04:23:31','2023-12-31 04:23:31'),
(215,335,'1','2023-12-31',149,1,0,'2023-12-31 04:24:10','2023-12-31 04:24:10'),
(216,149,'1','2023-12-31',150,1,0,'2023-12-31 04:24:58','2023-12-31 04:24:58'),
(217,153,'1','2023-12-31',154,1,0,'2023-12-31 04:25:58','2023-12-31 04:25:58'),
(218,152,'1','2023-12-31',154,1,0,'2023-12-31 04:26:37','2023-12-31 04:26:37'),
(219,212,'1','2023-12-31',149,1,0,'2023-12-31 04:27:24','2023-12-31 04:27:24'),
(220,452,'1','2023-12-31',150,1,0,'2023-12-31 04:27:55','2023-12-31 04:27:55'),
(221,235,'1','2023-12-31',154,1,0,'2023-12-31 04:28:27','2023-12-31 04:28:27'),
(222,150,'1','2023-12-31',154,1,0,'2023-12-31 04:29:17','2023-12-31 04:29:17'),
(223,555,'1','2023-12-31',149,1,0,'2023-12-31 04:30:16','2023-12-31 04:30:16'),
(224,324,'1','2023-12-31',150,1,0,'2023-12-31 04:31:12','2023-12-31 04:31:12'),
(225,237,'1','2023-12-31',154,1,0,'2023-12-31 04:31:53','2023-12-31 04:31:53'),
(226,175,'1','2023-12-31',154,1,0,'2023-12-31 04:32:23','2023-12-31 04:32:23'),
(227,211,'1','2023-12-31',149,1,0,'2023-12-31 04:32:55','2023-12-31 04:32:55'),
(228,453,'1','2023-12-31',150,1,0,'2023-12-31 04:33:30','2023-12-31 04:33:30'),
(229,556,'1','2023-12-31',154,1,0,'2023-12-31 04:34:37','2023-12-31 04:34:37'),
(230,557,'1','2023-12-31',154,1,0,'2023-12-31 04:36:06','2023-12-31 04:36:06'),
(231,459,'1','2023-12-31',155,1,0,'2023-12-31 04:41:44','2023-12-31 04:41:44'),
(232,463,'1','2023-12-31',156,1,0,'2023-12-31 04:42:14','2023-12-31 04:42:14'),
(233,347,'1','2023-12-31',157,1,0,'2023-12-31 04:42:41','2023-12-31 04:42:41'),
(234,161,'1','2023-12-31',157,1,0,'2023-12-31 04:43:17','2023-12-31 04:43:17'),
(235,462,'1','2023-12-31',155,1,0,'2023-12-31 04:43:55','2023-12-31 04:43:55'),
(236,146,'1','2023-12-31',156,1,0,'2023-12-31 04:44:37','2023-12-31 04:44:37'),
(237,558,'1','2023-12-31',157,1,0,'2023-12-31 04:45:47','2023-12-31 04:45:47'),
(238,251,'1','2023-12-31',157,1,0,'2023-12-31 04:46:17','2023-12-31 04:46:17'),
(239,458,'1','2023-12-31',155,1,0,'2023-12-31 04:47:13','2023-12-31 04:47:13'),
(240,230,'1','2023-12-31',156,1,0,'2023-12-31 04:47:42','2023-12-31 04:47:42'),
(241,147,'1','2023-12-31',157,1,0,'2023-12-31 04:48:09','2023-12-31 04:48:09'),
(242,244,'1','2023-12-31',157,1,0,'2023-12-31 04:48:51','2023-12-31 04:48:51'),
(243,140,'1','2023-12-31',155,1,0,'2023-12-31 04:49:26','2023-12-31 04:49:26'),
(244,241,'1','2023-12-31',156,1,0,'2023-12-31 04:50:02','2023-12-31 04:50:02'),
(245,145,'1','2023-12-31',157,1,0,'2023-12-31 04:50:41','2023-12-31 04:50:41'),
(246,142,'1','2023-12-31',155,1,0,'2023-12-31 04:53:10','2023-12-31 04:53:10'),
(247,36,'1','2023-12-31',156,1,0,'2023-12-31 04:53:41','2023-12-31 04:53:41'),
(248,127,'1','2023-12-31',157,1,0,'2023-12-31 04:54:08','2023-12-31 04:54:08'),
(249,11,'1','2023-12-31',157,1,0,'2023-12-31 04:54:47','2023-12-31 04:54:47'),
(250,33,'1','2023-12-31',155,1,0,'2023-12-31 04:56:18','2023-12-31 04:56:18'),
(251,125,'1','2023-12-31',156,1,0,'2023-12-31 04:57:10','2023-12-31 04:57:10'),
(252,460,'1','2023-12-31',157,1,0,'2023-12-31 04:57:56','2023-12-31 04:57:56'),
(253,250,'1','2023-12-31',157,1,0,'2023-12-31 04:58:26','2023-12-31 04:58:26'),
(254,559,'1','2023-12-31',155,1,0,'2023-12-31 05:01:42','2023-12-31 05:01:42'),
(255,38,'1','2023-12-31',156,1,0,'2023-12-31 05:02:16','2023-12-31 05:02:16'),
(256,23,'1','2023-12-31',157,1,0,'2023-12-31 05:02:44','2023-12-31 05:02:44'),
(257,37,'1','2023-12-31',155,1,0,'2023-12-31 05:03:14','2023-12-31 05:03:14'),
(258,461,'1','2023-12-31',156,1,0,'2023-12-31 05:03:58','2023-12-31 05:03:58'),
(259,141,'1','2023-12-31',157,1,0,'2023-12-31 05:04:25','2023-12-31 05:04:25'),
(260,300,'1','2023-12-31',155,1,0,'2023-12-31 05:07:06','2023-12-31 05:07:06'),
(261,254,'1','2023-12-31',156,1,0,'2023-12-31 05:07:34','2023-12-31 05:07:34'),
(262,20,'1','2023-12-31',157,1,0,'2023-12-31 05:08:24','2023-12-31 05:08:24'),
(263,240,'1','2023-12-31',155,1,0,'2023-12-31 05:10:11','2023-12-31 05:10:11'),
(264,464,'1','2023-12-31',156,1,0,'2023-12-31 05:10:59','2023-12-31 05:10:59'),
(265,348,'1','2023-12-31',157,1,0,'2023-12-31 05:11:29','2023-12-31 05:11:29'),
(266,466,'1','2023-12-31',155,1,0,'2023-12-31 05:12:43','2023-12-31 05:12:43'),
(267,35,'1','2023-12-31',156,1,0,'2023-12-31 05:13:28','2023-12-31 05:13:28'),
(268,143,'1','2023-12-31',157,1,0,'2023-12-31 05:14:13','2023-12-31 05:14:13'),
(269,245,'1','2023-12-31',157,1,0,'2023-12-31 05:15:16','2023-12-31 05:15:16'),
(270,31,'1','2023-12-31',155,1,0,'2023-12-31 05:16:31','2023-12-31 05:16:31'),
(271,465,'1','2023-12-31',156,1,0,'2023-12-31 05:17:06','2023-12-31 05:17:06'),
(272,255,'1','2023-12-31',157,1,0,'2023-12-31 05:17:59','2023-12-31 05:17:59'),
(273,366,'1','2023-12-31',161,1,0,'2023-12-31 05:43:54','2023-12-31 05:43:54'),
(274,365,'1','2023-12-31',162,1,0,'2023-12-31 05:44:56','2023-12-31 05:44:56'),
(275,481,'1','2023-12-31',161,1,0,'2023-12-31 05:45:29','2023-12-31 05:45:29'),
(276,520,'1','2023-12-31',162,1,0,'2023-12-31 05:46:26','2023-12-31 05:46:26'),
(277,560,'1','2023-12-31',163,1,0,'2023-12-31 05:47:23','2023-12-31 05:47:23'),
(278,67,'1','2023-12-31',161,1,0,'2023-12-31 05:48:07','2023-12-31 05:48:07'),
(279,189,'1','2023-12-31',162,1,0,'2023-12-31 05:48:56','2023-12-31 05:48:56'),
(280,364,'1','2023-12-31',163,1,0,'2023-12-31 05:49:30','2023-12-31 05:49:30'),
(281,363,'1','2023-12-31',163,1,0,'2023-12-31 05:49:56','2023-12-31 05:49:56'),
(282,191,'1','2023-12-31',161,1,0,'2023-12-31 05:50:28','2023-12-31 05:50:28'),
(283,122,'1','2023-12-31',162,1,0,'2023-12-31 05:51:04','2023-12-31 05:51:04'),
(284,65,'1','2023-12-31',163,1,0,'2023-12-31 05:51:34','2023-12-31 05:51:34'),
(285,362,'1','2023-12-31',163,1,0,'2023-12-31 05:52:06','2023-12-31 05:52:06'),
(286,519,'1','2023-12-31',161,1,0,'2023-12-31 05:52:51','2023-12-31 05:52:51'),
(287,10,'1','2023-12-31',162,1,0,'2023-12-31 05:53:20','2023-12-31 05:53:20'),
(288,518,'1','2023-12-31',163,1,0,'2023-12-31 05:53:51','2023-12-31 05:53:51'),
(289,561,'1','2023-12-31',163,1,0,'2023-12-31 05:54:51','2023-12-31 05:54:51'),
(290,562,'1','2023-12-31',161,1,0,'2023-12-31 05:56:28','2023-12-31 05:56:28'),
(291,361,'1','2023-12-31',162,1,0,'2023-12-31 05:56:57','2023-12-31 05:56:57'),
(292,63,'1','2023-12-31',163,1,0,'2023-12-31 05:57:39','2023-12-31 05:57:39'),
(293,66,'1','2023-12-31',163,1,0,'2023-12-31 05:58:02','2023-12-31 05:58:02'),
(294,563,'1','2023-12-31',161,1,0,'2023-12-31 06:00:06','2023-12-31 06:00:06'),
(295,516,'1','2023-12-31',162,1,0,'2023-12-31 06:00:34','2023-12-31 06:00:34'),
(296,564,'1','2023-12-31',163,1,0,'2023-12-31 06:03:27','2023-12-31 06:03:27'),
(297,488,'1','2023-12-31',161,1,0,'2023-12-31 06:05:16','2023-12-31 06:05:16'),
(298,273,'1','2023-12-31',162,1,0,'2023-12-31 06:07:09','2023-12-31 06:07:09'),
(299,268,'1','2023-12-31',163,1,0,'2023-12-31 06:07:41','2023-12-31 06:07:41'),
(300,485,'1','2023-12-31',161,1,0,'2023-12-31 06:08:29','2023-12-31 06:08:29'),
(301,487,'1','2023-12-31',162,1,0,'2023-12-31 06:08:57','2023-12-31 06:08:57'),
(302,269,'1','2023-12-31',163,1,0,'2023-12-31 06:10:51','2023-12-31 06:10:51'),
(303,124,'1','2023-12-31',161,1,0,'2023-12-31 06:12:02','2023-12-31 06:12:02'),
(304,482,'1','2023-12-31',162,1,0,'2023-12-31 06:12:42','2023-12-31 06:12:42'),
(305,270,'1','2023-12-31',163,1,0,'2023-12-31 06:13:33','2023-12-31 06:13:33'),
(306,486,'1','2023-12-31',161,1,0,'2023-12-31 06:14:38','2023-12-31 06:14:38'),
(307,308,'1','2023-12-31',162,1,0,'2023-12-31 06:15:08','2023-12-31 06:15:08'),
(308,22,'1','2023-12-31',163,1,0,'2023-12-31 06:15:50','2023-12-31 06:15:50'),
(309,431,'1','2023-12-31',161,1,0,'2023-12-31 06:16:36','2023-12-31 06:16:36'),
(310,484,'1','2023-12-31',162,1,0,'2023-12-31 06:17:06','2023-12-31 06:17:06'),
(311,266,'1','2023-12-31',163,1,0,'2023-12-31 06:17:44','2023-12-31 06:17:44'),
(312,483,'1','2023-12-31',161,1,0,'2023-12-31 06:18:17','2023-12-31 06:18:17'),
(313,307,'1','2023-12-31',162,1,0,'2023-12-31 06:19:18','2023-12-31 06:19:18'),
(314,264,'1','2023-12-31',163,1,0,'2023-12-31 06:20:22','2023-12-31 06:20:22'),
(315,262,'1','2023-12-31',163,1,0,'2023-12-31 06:20:57','2023-12-31 06:20:57'),
(316,8,'1','2023-12-31',164,1,0,'2023-12-31 06:22:20','2023-12-31 06:22:20'),
(317,261,'1','2023-12-31',165,1,0,'2023-12-31 06:23:04','2023-12-31 06:23:04'),
(318,489,'1','2023-12-31',166,1,0,'2023-12-31 06:23:45','2023-12-31 06:23:45'),
(319,494,'1','2023-12-31',166,1,0,'2023-12-31 06:24:19','2023-12-31 06:24:19'),
(320,491,'1','2023-12-31',164,1,0,'2023-12-31 06:24:59','2023-12-31 06:24:59'),
(321,492,'1','2023-12-31',165,1,0,'2023-12-31 06:25:42','2023-12-31 06:25:42'),
(322,271,'1','2023-12-31',166,1,0,'2023-12-31 06:26:23','2023-12-31 06:26:23'),
(323,15,'1','2023-12-31',166,1,0,'2023-12-31 06:27:06','2023-12-31 06:27:06'),
(324,309,'1','2023-12-31',164,1,0,'2023-12-31 06:27:58','2023-12-31 06:27:58'),
(325,565,'1','2023-12-31',165,1,0,'2023-12-31 06:29:06','2023-12-31 06:29:06'),
(326,566,'1','2023-12-31',166,1,0,'2023-12-31 06:30:25','2023-12-31 06:30:25'),
(327,192,'1','2023-12-31',166,1,0,'2023-12-31 06:31:01','2023-12-31 06:31:01'),
(328,495,'1','2023-12-31',164,1,0,'2023-12-31 06:32:03','2023-12-31 06:32:03'),
(329,185,'1','2023-12-31',165,1,0,'2023-12-31 06:32:42','2023-12-31 06:32:42'),
(330,567,'1','2023-12-31',166,1,0,'2023-12-31 06:34:27','2023-12-31 06:34:27'),
(331,493,'1','2023-12-31',164,1,0,'2023-12-31 06:35:03','2023-12-31 06:35:03'),
(332,490,'1','2023-12-31',165,1,0,'2023-12-31 06:35:35','2023-12-31 06:35:35'),
(333,24,'1','2023-12-31',166,1,0,'2023-12-31 06:36:08','2023-12-31 06:36:08'),
(334,498,'1','2023-12-31',170,1,0,'2023-12-31 06:56:10','2023-12-31 06:56:10'),
(335,53,'1','2023-12-31',171,1,0,'2023-12-31 06:59:29','2023-12-31 06:59:29'),
(336,503,'1','2023-12-31',170,1,0,'2023-12-31 07:00:17','2023-12-31 07:00:17'),
(337,215,'1','2023-12-31',171,1,0,'2023-12-31 07:01:04','2023-12-31 07:01:04'),
(338,499,'1','2023-12-31',172,1,0,'2023-12-31 07:01:51','2023-12-31 07:01:51'),
(339,504,'1','2023-12-31',170,1,0,'2023-12-31 07:02:53','2023-12-31 07:02:53'),
(340,501,'1','2023-12-31',171,1,0,'2023-12-31 07:04:00','2023-12-31 07:04:00'),
(341,216,'1','2023-12-31',170,1,0,'2023-12-31 07:06:23','2023-12-31 07:06:23'),
(342,275,'1','2023-12-31',171,1,0,'2023-12-31 07:07:38','2023-12-31 07:07:38'),
(343,68,'1','2023-12-31',172,1,0,'2023-12-31 07:08:48','2023-12-31 07:08:48'),
(344,277,'1','2023-12-31',170,1,0,'2023-12-31 07:09:32','2023-12-31 07:09:32'),
(345,523,'1','2023-12-31',171,1,0,'2023-12-31 07:10:09','2023-12-31 07:10:09'),
(346,69,'1','2023-12-31',172,1,0,'2023-12-31 07:11:02','2023-12-31 07:11:02'),
(347,506,'1','2023-12-31',170,1,0,'2023-12-31 07:11:48','2023-12-31 07:11:48'),
(348,505,'1','2023-12-31',171,1,0,'2023-12-31 07:12:20','2023-12-31 07:12:20'),
(349,278,'1','2023-12-31',172,1,0,'2023-12-31 07:12:54','2023-12-31 07:12:54'),
(350,502,'1','2023-12-31',170,1,0,'2023-12-31 07:13:39','2023-12-31 07:13:39'),
(351,522,'1','2023-12-31',171,1,0,'2023-12-31 07:14:06','2023-12-31 07:14:06'),
(352,371,'1','2023-12-31',172,1,0,'2023-12-31 07:14:33','2023-12-31 07:14:33'),
(353,64,'1','2023-12-31',172,1,0,'2023-12-31 07:15:56','2023-12-31 07:15:56'),
(354,496,'1','2023-12-31',170,1,1,'2023-12-31 07:16:51','2023-12-31 07:16:58'),
(355,496,'1','2023-12-31',170,1,0,'2023-12-31 07:16:52','2023-12-31 07:16:52'),
(356,193,'1','2023-12-31',171,1,0,'2023-12-31 07:17:26','2023-12-31 07:17:26'),
(357,276,'1','2023-12-31',172,1,0,'2023-12-31 07:18:10','2023-12-31 07:18:10'),
(358,70,'1','2023-12-31',172,1,0,'2023-12-31 07:18:43','2023-12-31 07:18:43'),
(359,500,'1','2023-12-31',170,1,0,'2023-12-31 07:19:56','2023-12-31 07:19:56'),
(360,497,'1','2023-12-31',171,1,0,'2023-12-31 07:21:28','2023-12-31 07:21:28'),
(361,71,'1','2023-12-31',172,1,0,'2023-12-31 07:21:52','2023-12-31 07:21:52'),
(362,314,'1','2023-12-31',167,1,0,'2023-12-31 07:23:09','2023-12-31 07:23:09'),
(363,274,'1','2023-12-31',168,1,0,'2023-12-31 07:23:47','2023-12-31 07:23:47'),
(364,279,'1','2023-12-31',169,1,0,'2023-12-31 07:24:31','2023-12-31 07:24:31'),
(365,507,'1','2023-12-31',167,1,0,'2023-12-31 07:25:36','2023-12-31 07:25:36'),
(366,281,'1','2023-12-31',168,1,0,'2023-12-31 07:26:12','2023-12-31 07:26:12'),
(367,508,'1','2023-12-31',169,1,0,'2023-12-31 07:26:54','2023-12-31 07:26:54'),
(368,217,'1','2023-12-31',176,1,0,'2023-12-31 07:28:20','2023-12-31 07:28:20'),
(369,512,'1','2023-12-31',177,1,0,'2023-12-31 07:28:47','2023-12-31 07:28:47'),
(370,284,'1','2023-12-31',178,1,0,'2023-12-31 07:29:26','2023-12-31 07:29:26'),
(371,529,'1','2023-12-31',176,1,0,'2023-12-31 07:32:06','2023-12-31 07:32:06'),
(372,528,'1','2023-12-31',177,1,0,'2023-12-31 07:34:08','2023-12-31 07:34:08'),
(373,527,'1','2023-12-31',176,1,0,'2023-12-31 07:35:08','2023-12-31 07:35:08'),
(374,154,'1','2023-12-31',177,1,0,'2023-12-31 07:36:07','2023-12-31 07:36:07'),
(375,511,'1','2023-12-31',178,1,0,'2023-12-31 07:36:34','2023-12-31 07:36:34'),
(376,286,'1','2023-12-31',173,1,0,'2023-12-31 07:38:10','2023-12-31 07:38:10'),
(377,7,'1','2023-12-31',174,1,0,'2023-12-31 07:38:43','2023-12-31 07:38:43'),
(378,568,'1','2023-12-31',173,1,0,'2023-12-31 07:40:50','2023-12-31 07:40:50'),
(379,531,'1','2023-12-31',174,1,0,'2023-12-31 07:41:16','2023-12-31 07:41:16'),
(380,282,'1','2023-12-31',173,1,0,'2023-12-31 07:41:51','2023-12-31 07:41:51'),
(381,72,'1','2023-12-31',174,1,0,'2023-12-31 08:12:06','2023-12-31 08:12:06'),
(382,157,'1','2023-12-31',187,1,0,'2023-12-31 08:14:25','2023-12-31 08:14:25'),
(383,218,'1','2023-12-31',188,1,0,'2023-12-31 08:14:56','2023-12-31 08:14:56'),
(384,569,'1','2023-12-31',189,1,0,'2023-12-31 08:16:35','2023-12-31 08:16:35'),
(385,169,'1','2023-12-31',189,1,0,'2023-12-31 08:17:14','2023-12-31 08:17:14'),
(386,170,'1','2023-12-31',187,1,0,'2023-12-31 08:17:57','2023-12-31 08:17:57'),
(387,173,'1','2023-12-31',188,1,0,'2023-12-31 08:18:30','2023-12-31 08:18:30'),
(388,209,'1','2023-12-31',187,1,0,'2023-12-31 08:19:00','2023-12-31 08:19:00'),
(389,166,'1','2023-12-31',188,1,0,'2023-12-31 08:19:34','2023-12-31 08:19:34'),
(390,118,'1','2023-12-31',3,1,0,'2023-12-31 08:37:23','2023-12-31 08:37:23'),
(391,118,'1','2023-12-31',3,1,1,'2023-12-31 08:37:24','2023-12-31 08:37:30'),
(392,118,'1','2023-12-31',190,1,0,'2023-12-31 08:37:43','2023-12-31 08:37:43'),
(393,219,'1','2023-12-31',191,1,0,'2023-12-31 08:38:33','2023-12-31 08:38:33'),
(394,177,'1','2023-12-31',192,1,0,'2023-12-31 08:39:09','2023-12-31 08:39:09'),
(395,13,'1','2023-12-31',193,1,0,'2023-12-31 08:40:38','2023-12-31 08:40:38'),
(396,116,'1','2023-12-31',194,1,0,'2023-12-31 08:41:12','2023-12-31 08:41:12'),
(397,570,'1','2023-12-31',195,1,0,'2023-12-31 08:43:01','2023-12-31 08:43:01'),
(398,28,'1','2023-12-31',149,1,0,'2023-12-31 08:51:14','2023-12-31 08:51:14'),
(399,49,'1','2023-12-31',22,1,0,'2023-12-31 08:54:20','2023-12-31 08:54:20'),
(400,39,'1','2023-12-31',164,1,0,'2023-12-31 08:55:25','2023-12-31 08:55:25'),
(401,40,'1','2023-12-31',164,1,0,'2023-12-31 08:56:02','2023-12-31 08:56:02'),
(402,49,'1','2023-12-31',112,1,0,'2023-12-31 08:57:43','2023-12-31 08:57:43'),
(403,571,'1','2023-12-31',196,1,0,'2023-12-31 09:00:51','2023-12-31 09:00:51'),
(404,209,'1','2023-12-31',197,1,0,'2023-12-31 09:08:59','2023-12-31 09:08:59'),
(405,330,'1','2023-12-31',198,1,0,'2023-12-31 09:10:43','2023-12-31 09:10:43'),
(406,572,'1','2023-12-31',199,1,0,'2023-12-31 09:12:27','2023-12-31 09:12:27'),
(407,450,'1','2023-12-31',116,1,0,'2023-12-31 09:13:53','2023-12-31 09:13:53'),
(408,19,'1','2023-12-31',200,1,0,'2023-12-31 09:17:53','2023-12-31 09:17:53'),
(409,172,'1','2023-12-31',201,1,0,'2023-12-31 09:19:29','2023-12-31 09:19:29'),
(410,76,'1','2023-12-31',202,1,0,'2023-12-31 09:21:13','2023-12-31 09:21:13'),
(411,573,'1','2023-12-31',202,1,0,'2023-12-31 09:26:52','2023-12-31 09:26:52'),
(412,203,'1','2023-12-31',98,1,0,'2023-12-31 09:43:29','2023-12-31 09:43:29'),
(413,214,'1','2023-12-31',13,1,0,'2023-12-31 09:49:50','2023-12-31 09:49:50'),
(414,201,'1','2023-12-31',12,1,0,'2023-12-31 09:51:13','2023-12-31 09:51:13'),
(415,213,'1','2023-12-31',13,1,0,'2023-12-31 09:54:24','2023-12-31 09:54:24'),
(416,215,'1','2023-12-31',25,1,0,'2023-12-31 09:56:44','2023-12-31 09:56:44'),
(417,138,'1','2023-12-31',85,1,0,'2023-12-31 10:00:45','2023-12-31 10:00:45'),
(418,18,'1','2023-12-31',152,1,0,'2023-12-31 10:02:55','2023-12-31 10:02:55'),
(419,14,'1','2023-12-31',203,1,0,'2023-12-31 10:06:08','2023-12-31 10:06:08'),
(420,144,'1','2023-12-31',158,1,0,'2023-12-31 10:08:17','2023-12-31 10:08:17'),
(421,553,'1','2023-12-31',153,1,0,'2023-12-31 10:36:01','2023-12-31 10:36:01'),
(422,552,'1','2023-12-31',153,1,0,'2023-12-31 10:37:56','2023-12-31 10:37:56'),
(423,546,'1','2023-12-31',184,1,0,'2023-12-31 10:39:30','2023-12-31 10:39:30'),
(424,305,'1','2023-12-31',161,1,0,'2023-12-31 10:44:24','2023-12-31 10:44:24'),
(425,306,'1','2023-12-31',161,1,0,'2023-12-31 10:46:01','2023-12-31 10:46:01'),
(426,208,'1','2024-01-02',203,1,0,'2024-01-02 16:39:18','2024-01-02 16:39:18'),
(427,208,'1','2024-01-02',203,1,0,'2024-01-02 16:39:19','2024-01-02 16:39:19'),
(428,574,'1','2024-01-02',204,1,0,'2024-01-02 16:44:28','2024-01-02 16:44:28'),
(429,575,'1','2024-01-02',205,1,0,'2024-01-02 16:49:16','2024-01-02 16:49:16'),
(430,350,'1','2024-01-02',206,1,0,'2024-01-02 16:50:08','2024-01-02 16:50:08'),
(431,225,'1','2024-01-02',207,1,0,'2024-01-02 16:50:50','2024-01-02 16:50:50'),
(432,226,'1','2024-01-02',205,1,0,'2024-01-02 16:53:04','2024-01-02 16:53:04'),
(433,132,'1','2024-01-02',206,1,0,'2024-01-02 16:53:42','2024-01-02 16:53:42'),
(434,181,'1','2024-01-02',207,1,0,'2024-01-02 16:54:23','2024-01-02 16:54:23'),
(435,429,'1','2024-01-02',205,1,0,'2024-01-02 16:56:06','2024-01-02 16:56:06'),
(436,78,'1','2024-01-02',206,1,0,'2024-01-02 16:56:45','2024-01-02 16:56:45'),
(437,576,'1','2024-01-02',207,1,0,'2024-01-02 16:57:47','2024-01-02 16:57:47'),
(438,80,'1','2024-01-02',205,1,0,'2024-01-02 17:00:35','2024-01-02 17:00:35'),
(439,228,'1','2024-01-02',206,1,0,'2024-01-02 17:01:04','2024-01-02 17:01:04'),
(440,182,'1','2024-01-02',206,1,0,'2024-01-02 17:02:50','2024-01-02 17:02:50'),
(441,130,'1','2024-01-02',205,1,0,'2024-01-02 17:04:21','2024-01-02 17:04:21'),
(442,161,'1','2024-01-02',208,1,0,'2024-01-02 17:07:09','2024-01-02 17:07:09'),
(443,12,'1','2024-01-02',209,1,0,'2024-01-02 17:07:52','2024-01-02 17:07:52'),
(444,229,'1','2024-01-02',210,1,0,'2024-01-02 17:08:30','2024-01-02 17:08:30'),
(445,424,'1','2024-01-02',208,1,0,'2024-01-02 17:09:11','2024-01-02 17:09:11'),
(446,577,'1','2024-01-02',209,1,0,'2024-01-02 17:10:52','2024-01-02 17:10:52'),
(447,223,'1','2024-01-02',210,1,0,'2024-01-02 17:11:40','2024-01-02 17:11:40'),
(448,559,'1','2024-01-02',208,1,0,'2024-01-02 17:33:21','2024-01-02 17:33:21'),
(449,230,'1','2024-01-02',209,1,0,'2024-01-02 17:34:01','2024-01-02 17:34:01'),
(450,578,'1','2024-01-02',210,1,0,'2024-01-02 17:35:38','2024-01-02 17:35:38'),
(451,353,'1','2024-01-02',208,1,0,'2024-01-02 17:39:26','2024-01-02 17:39:26'),
(452,353,'1','2024-01-02',208,1,0,'2024-01-02 17:39:27','2024-01-02 17:39:27'),
(453,579,'1','2024-01-02',209,1,0,'2024-01-02 17:40:00','2024-01-02 17:40:00'),
(454,201,'1','2024-01-04',211,1,0,'2024-01-04 01:33:19','2024-01-04 01:33:19'),
(455,427,'1','2024-01-04',212,1,0,'2024-01-04 02:28:01','2024-01-04 02:28:01'),
(456,351,'1','2024-01-04',213,1,0,'2024-01-04 02:59:18','2024-01-04 02:59:18'),
(457,214,'1','2024-01-04',211,1,0,'2024-01-04 03:12:16','2024-01-04 03:12:16'),
(458,81,'1','2024-01-04',212,1,0,'2024-01-04 03:15:46','2024-01-04 03:15:46'),
(459,349,'1','2024-01-04',213,1,0,'2024-01-04 03:18:33','2024-01-04 03:18:33'),
(460,126,'1','2024-01-04',3,1,1,'2024-01-04 03:31:02','2024-01-04 03:31:51'),
(461,345,'1','2024-01-04',211,1,0,'2024-01-04 03:43:03','2024-01-04 03:43:03'),
(462,473,'1','2024-01-04',212,1,0,'2024-01-04 03:56:20','2024-01-04 03:56:20'),
(463,82,'1','2024-01-04',214,1,0,'2024-01-04 04:07:16','2024-01-04 04:07:16'),
(464,32,'1','2024-01-04',215,1,0,'2024-01-04 04:12:39','2024-01-04 04:12:39'),
(465,224,'1','2024-01-04',216,1,0,'2024-01-04 04:18:49','2024-01-04 04:18:49'),
(466,581,'1','2024-01-04',214,1,0,'2024-01-04 04:27:05','2024-01-04 04:27:05'),
(467,344,'1','2024-01-04',215,1,0,'2024-01-04 04:34:52','2024-01-04 04:34:52'),
(468,126,'1','2024-01-04',217,1,0,'2024-01-04 05:08:30','2024-01-04 05:08:30'),
(469,34,'1','2024-01-04',218,1,0,'2024-01-04 05:12:19','2024-01-04 05:12:19'),
(470,79,'1','2024-01-04',219,1,0,'2024-01-04 05:15:26','2024-01-04 05:15:26'),
(471,213,'1','2024-01-04',217,1,0,'2024-01-04 05:20:12','2024-01-04 05:20:12'),
(472,128,'1','2024-01-04',218,NULL,0,'2024-01-04 09:00:17','2024-01-04 09:00:17'),
(473,253,'1','2024-01-04',219,NULL,0,'2024-01-04 09:07:30','2024-01-04 09:07:30'),
(474,183,'1','2024-01-04',217,NULL,0,'2024-01-04 09:30:24','2024-01-04 09:30:24'),
(475,242,'1','2024-01-04',218,NULL,0,'2024-01-04 09:35:13','2024-01-04 09:35:13'),
(476,83,'1','2024-01-04',219,NULL,0,'2024-01-04 09:37:19','2024-01-04 09:37:19'),
(477,106,'1','2024-01-04',217,NULL,0,'2024-01-04 09:50:25','2024-01-04 09:50:25'),
(478,227,'1','2024-01-04',218,NULL,0,'2024-01-04 09:54:04','2024-01-04 09:54:04'),
(479,133,'1','2024-01-04',220,NULL,0,'2024-01-04 09:58:27','2024-01-04 09:58:27'),
(480,77,'1','2024-01-04',221,NULL,0,'2024-01-04 10:04:31','2024-01-04 10:04:31'),
(481,582,'1','2024-01-04',222,NULL,0,'2024-01-04 10:19:48','2024-01-04 10:19:48'),
(482,352,'1','2024-01-05',223,1,0,'2024-01-05 04:07:48','2024-01-05 04:07:48'),
(483,129,'1','2024-01-05',224,1,0,'2024-01-05 04:15:13','2024-01-05 04:15:13'),
(484,346,'1','2024-01-05',223,1,0,'2024-01-05 04:20:54','2024-01-05 04:20:54'),
(485,474,'1','2024-01-05',224,1,0,'2024-01-05 04:28:08','2024-01-05 04:28:08'),
(486,583,'1','2024-01-05',229,1,0,'2024-01-05 04:49:40','2024-01-05 04:49:40'),
(487,472,'1','2024-01-05',230,1,0,'2024-01-05 04:56:18','2024-01-05 04:56:18'),
(488,250,'1','2024-01-05',231,1,0,'2024-01-05 04:58:57','2024-01-05 04:58:57'),
(489,374,'1','2024-01-05',232,1,0,'2024-01-05 05:37:29','2024-01-05 05:37:29');

/*Table structure for table `failed_jobs` */

DROP TABLE IF EXISTS `failed_jobs`;

CREATE TABLE `failed_jobs` (
  `id` bigint unsigned NOT NULL AUTO_INCREMENT,
  `uuid` varchar(255) CHARACTER SET utf8mb4 COLLATE utf8mb4_unicode_ci NOT NULL,
  `connection` text CHARACTER SET utf8mb4 COLLATE utf8mb4_unicode_ci NOT NULL,
  `queue` text CHARACTER SET utf8mb4 COLLATE utf8mb4_unicode_ci NOT NULL,
  `payload` longtext CHARACTER SET utf8mb4 COLLATE utf8mb4_unicode_ci NOT NULL,
  `exception` longtext CHARACTER SET utf8mb4 COLLATE utf8mb4_unicode_ci NOT NULL,
  `failed_at` timestamp NOT NULL DEFAULT CURRENT_TIMESTAMP,
  PRIMARY KEY (`id`),
  UNIQUE KEY `failed_jobs_uuid_unique` (`uuid`)
) ENGINE=InnoDB DEFAULT CHARSET=utf8mb4 COLLATE=utf8mb4_unicode_ci;

/*Data for the table `failed_jobs` */

/*Table structure for table `migrations` */

DROP TABLE IF EXISTS `migrations`;

CREATE TABLE `migrations` (
  `id` int unsigned NOT NULL AUTO_INCREMENT,
  `migration` varchar(255) CHARACTER SET utf8mb4 COLLATE utf8mb4_unicode_ci NOT NULL,
  `batch` int NOT NULL,
  PRIMARY KEY (`id`)
) ENGINE=InnoDB AUTO_INCREMENT=8 DEFAULT CHARSET=utf8mb4 COLLATE=utf8mb4_unicode_ci;

/*Data for the table `migrations` */

insert  into `migrations`(`id`,`migration`,`batch`) values 
(1,'2014_10_12_000000_create_users_table',1),
(2,'2014_10_12_100000_create_password_resets_table',1),
(3,'2019_08_19_000000_create_failed_jobs_table',1),
(4,'2019_12_14_000001_create_personal_access_tokens_table',1),
(5,'2023_12_26_153116_create_certificates_table',1),
(6,'2023_12_26_153820_create_participants_table',1),
(7,'2023_12_26_154013_create_winners_table',1);

/*Table structure for table `participants` */

DROP TABLE IF EXISTS `participants`;

CREATE TABLE `participants` (
  `participant_id` bigint unsigned NOT NULL AUTO_INCREMENT,
  `participant_name` varchar(255) CHARACTER SET utf8mb4 COLLATE utf8mb4_unicode_ci NOT NULL,
  `created_at` timestamp NULL DEFAULT NULL,
  `updated_at` timestamp NULL DEFAULT NULL,
  PRIMARY KEY (`participant_id`)
) ENGINE=InnoDB AUTO_INCREMENT=584 DEFAULT CHARSET=utf8mb4 COLLATE=utf8mb4_unicode_ci;

/*Data for the table `participants` */

insert  into `participants`(`participant_id`,`participant_name`,`created_at`,`updated_at`) values 
(1,'Khafid Assegaf',NULL,NULL),
(2,'VINI VIDI VICI',NULL,NULL),
(3,'TIFANY ASTHERIA',NULL,NULL),
(4,'NAJAH FAUZIAH',NULL,NULL),
(5,'RAHEL ROSDIANA ALSAFERA',NULL,NULL),
(6,'FARAH ISNA AL HAFIZAH',NULL,NULL),
(7,'IRVAN RESTU PAMUNGKAS',NULL,NULL),
(8,'MUHAMMAD RAMDHAN PRADITYA',NULL,NULL),
(9,'Kayla Fazziatunnisa',NULL,NULL),
(10,'Naysila Ayu Setyowati',NULL,NULL),
(11,'Alya Rismawan',NULL,NULL),
(12,'Akhila Kahla  Asywa Q.',NULL,NULL),
(13,'Atha Fariz Hizam',NULL,NULL),
(14,'MUHAMMAD RAIHAN AROSI',NULL,NULL),
(15,'AKSO GASA TRINITO',NULL,NULL),
(16,'ABDUL HUSEIN MULYO WIDODO',NULL,NULL),
(17,'BIMA SATRIA ADIRAJADA',NULL,NULL),
(18,'MUHAMMAD NABIL ISHAK',NULL,NULL),
(19,'GIRI WICAKSONO',NULL,NULL),
(20,'KHAYYIRA SHAFWA AZAHRA',NULL,NULL),
(21,'MUHAMMAD PRABOWO SUGIYANTO',NULL,NULL),
(22,'SHAVA MUTIARA DEWI',NULL,NULL),
(23,'TSANIA CARISSA MAHARANI',NULL,NULL),
(24,'AZZAM YANUAR MAKMURROHIM',NULL,NULL),
(25,'ARIEL DHIYAULHAQ IRWANSYAH',NULL,NULL),
(26,'MUCHAMMAD FATHAN ALTAF',NULL,NULL),
(27,'FAKHRY AKMAL ATHAILLAH',NULL,NULL),
(28,' Anindya Fadhilatul Husna',NULL,NULL),
(29,'Azkiya Samha Mahila ',NULL,NULL),
(30,'Danesa Arlen Afandi',NULL,NULL),
(31,'Shiva Dian Artikasari',NULL,NULL),
(32,'Cheeryl Tahara Nafi\'ah',NULL,NULL),
(33,'Rana Khairunnisa',NULL,NULL),
(34,'Delvino Mughni Wibowo',NULL,NULL),
(35,'Aya Arsita Rahma',NULL,NULL),
(36,'Anindita Rahmalia Putri',NULL,NULL),
(37,'Aira Husna Izzatunnisa',NULL,NULL),
(38,'Kenia Nur Anatasya',NULL,NULL),
(39,'Raihan Wahyu Pratama',NULL,NULL),
(40,'Hisyam Kamil',NULL,NULL),
(41,'Muhammad Affan Irkham ',NULL,NULL),
(42,'Syarifah Alfiyah',NULL,NULL),
(43,'Alifa Fahira Putri',NULL,NULL),
(44,'Naila Karuniyati Zakiyah',NULL,NULL),
(45,'Pelangi Ayu Salsabila',NULL,NULL),
(46,'Masy\'al Tahara Ihsan',NULL,NULL),
(47,'Muchibatun Nisa',NULL,NULL),
(48,'Rohmat Ibadullah',NULL,NULL),
(49,'Nizam Miftaqul Naim',NULL,NULL),
(50,'Aolinda Tahara Fa\'iza',NULL,NULL),
(51,'BAGUS',NULL,NULL),
(52,'SANTHA TRI KUSUMA SAKTI',NULL,NULL),
(53,'CALYA NABILA AZZAHRA',NULL,NULL),
(54,'ARBIANSYAH ZICO ',NULL,NULL),
(55,'LUKAS ADHITYA WIBOWO',NULL,NULL),
(56,'NADINE ELVARETTA AZARINE',NULL,NULL),
(57,'KHOIRUN NISA',NULL,NULL),
(58,'AYYATUL HUSNA BIMASENA',NULL,NULL),
(59,'MENOER HAPSARI',NULL,NULL),
(60,'BERLIN NUR AYU',NULL,NULL),
(61,'ALEXA MANDALA PUTRI',NULL,NULL),
(62,'FALDHI FATO FALEVI',NULL,NULL),
(63,'Syafira Amanda Putri',NULL,NULL),
(64,'Sofiana Syahrani',NULL,NULL),
(65,'Jelita',NULL,NULL),
(66,'Nafara Zidni Azzahra',NULL,NULL),
(67,'Retno Wulan',NULL,NULL),
(68,'Sarah Alina',NULL,NULL),
(69,'Mehua Arzequeen Fatih Natasya',NULL,NULL),
(70,'Novita Puji Lestari',NULL,NULL),
(71,'Siva Ayu Wulandari',NULL,NULL),
(72,'Imam Ali Rahmat',NULL,NULL),
(73,'Bintang Khusnul Fathoni',NULL,NULL),
(74,'Mhammad Riski Ardian',NULL,NULL),
(75,'SAPHIRA    EVANi',NULL,NULL),
(76,'Muhammad Kanzu Al Fatih',NULL,NULL),
(77,'FAINE THEA ANGGRAINI',NULL,NULL),
(78,'Prasetyo Aji',NULL,NULL),
(79,'Tomi Muhammad Syauqi',NULL,NULL),
(80,'Arkananta Barra Nabiha',NULL,NULL),
(81,'Rasya Sailendra          ',NULL,NULL),
(82,'Quensa Dani Andaru Safi',NULL,NULL),
(83,'Muhammad Hanif fadhlurrahman                                     ',NULL,NULL),
(84,'Kanza Fateen Delyshiana',NULL,NULL),
(85,'Noxzel Larasati ',NULL,NULL),
(86,'Felicia Gladys Salsabela Nus',NULL,NULL),
(87,'Shafira leda maritza',NULL,NULL),
(88,'bintang apta labdagati gusti',NULL,NULL),
(89,'salsabil zildjian reida ',NULL,NULL),
(90,'Angger Maulana Pamungkas',NULL,NULL),
(91,'Bimo wahyu nugroho',NULL,NULL),
(92,'Khoirunisa Windari                        ',NULL,NULL),
(93,'Nanang Setyo Prabowo',NULL,NULL),
(94,'Dewi Azzahra Nusantara',NULL,NULL),
(95,'Adelia Rahmah   Permata',NULL,NULL),
(96,'Muhammad Alfaris Nur Firdaus',NULL,NULL),
(97,'Aulia Choirun Nisya',NULL,NULL),
(98,'Naura Hanifa Afkarina Hartanto',NULL,NULL),
(99,'Eri yoga Muhamad Faiz',NULL,NULL),
(100,'Finnan Adytama Prasetyo',NULL,NULL),
(101,'Muhammad Arsyad Nur Ihsan',NULL,NULL),
(102,'Fadhliansyah Rohmana',NULL,NULL),
(103,'Fazza Adynda Prasetyo',NULL,NULL),
(104,'Nazifa Nurahza Setyawan',NULL,NULL),
(105,'Aura Fatisha Hartanto',NULL,NULL),
(106,'Faisal Imamul Hakim',NULL,NULL),
(107,'Naufalyn Ayudia Azka Rahmadhanis',NULL,NULL),
(108,'Franciscus Gilang Sumarna Putra',NULL,NULL),
(109,'Novalia Putri Nabilla',NULL,NULL),
(110,'Reinka Andifinaida',NULL,NULL),
(111,'Rr. Widya Hapsari Artemisia',NULL,NULL),
(112,'Alif Atanoval',NULL,NULL),
(113,'Taufiq Aditya Prabowo',NULL,NULL),
(114,'Raja Rafan Walimahbeer',NULL,NULL),
(115,'Ismil Adhom',NULL,NULL),
(116,'Muhammad Abinaya Bahtiar',NULL,NULL),
(117,'Ar Sakha Chandra Ainnurachman',NULL,NULL),
(118,'Airlangga Azka Bahtiar',NULL,NULL),
(119,'Azzam Ihsan Mufid',NULL,NULL),
(120,'Naura Rachma Innara',NULL,NULL),
(121,'Andhika Arya',NULL,NULL),
(122,'Khanza Shaulika Kurniawan',NULL,NULL),
(123,'Naufal Qolbu Inndi Saputra',NULL,NULL),
(124,'Salma Choirunisa S.I.A',NULL,NULL),
(125,'Anissa Budi Utami',NULL,NULL),
(126,'Abid Aqila Putra Wibawa',NULL,NULL),
(127,'Akira Rizky Marsya',NULL,NULL),
(128,'Muhammad Aditya Naufal Abiyyu',NULL,NULL),
(129,'Alby Rashid Al Ghifari',NULL,NULL),
(130,'Adnan Mustafa',NULL,NULL),
(131,'Naufal Putra Hardana',NULL,NULL),
(132,'Abimanyu Rayza Bahtiar',NULL,NULL),
(133,'Athaya Nafa\'ati',NULL,NULL),
(134,'Muhammad Khoirul Imam',NULL,NULL),
(135,'Fadhil Abdussattar',NULL,NULL),
(136,'Della Evellyn Argiyanti',NULL,NULL),
(137,'RIA DEVITA SARI',NULL,NULL),
(138,'PHILIPUS RADITYA TRI KURNIANTO',NULL,NULL),
(139,'MUHAMMAD DJIO IBRA ALFARIZQI',NULL,NULL),
(140,'AMABEL SAMUDRA BUTON',NULL,NULL),
(141,'NISRINA QATRUNNADA PURNAMA',NULL,NULL),
(142,'MARITZA AYUNDYA FARZANA',NULL,NULL),
(143,'NAURA  ASYIFA AMANDA',NULL,NULL),
(144,'EXCELL AKBAR AL GHOZALI',NULL,NULL),
(145,'SHAFA ARDANA PUTRI',NULL,NULL),
(146,'CASYA ALIKA PUTRI A',NULL,NULL),
(147,'MEGANTARA PRINSESS RAHARJO',NULL,NULL),
(148,'ARRIFDA  AINIYA FAIDA AZMI',NULL,NULL),
(149,'TSABITHA ZADA AKINO H',NULL,NULL),
(150,'FILEA YUNIGE PUTRI',NULL,NULL),
(151,'ADHYASTA AFKAR',NULL,NULL),
(152,'AKIFA HANI SYAFA',NULL,NULL),
(153,'KHAIRA MUTHI SYAFILLA',NULL,NULL),
(154,'AZZEHROH',NULL,NULL),
(155,'BERLINA DONNA MONALI',NULL,NULL),
(156,'ANDHIKA CAHYO KUMORO ',NULL,NULL),
(157,'VALENCIA FELISA PUTRI',NULL,NULL),
(158,'MASHA KINARA WAHYUDI',NULL,NULL),
(159,'ATA JENNAHARA',NULL,NULL),
(160,'ZELDA NADJWA KINANTIKA WIDI',NULL,NULL),
(161,'VANESSA KANAYA RAKHMADI',NULL,NULL),
(162,'INDIRA EVLYA BHANURASMI',NULL,NULL),
(163,'RYUZEVA APTA SJUNIOR',NULL,NULL),
(164,'HAFIDZ AKBAR MUMTAZ',NULL,NULL),
(165,'ABIZAR ADRIAN MAULANA',NULL,NULL),
(166,'KENAISHA ANAKAYA SCALLYSTA',NULL,NULL),
(167,'NURABRISAM RIFQI ARDI NUGROHO',NULL,NULL),
(168,'MARCELLO DEVAN KARFINA',NULL,NULL),
(169,'FIQA AZZAHRA NUGROHO',NULL,NULL),
(170,'KHALISA AZALIA CHELSEA PURNAJATI',NULL,NULL),
(171,'AZZAM YAZID GAOZAN',NULL,NULL),
(172,'EMIR MAHIRA',NULL,NULL),
(173,'AZHIMA KHAIRUNNISA ADEELA',NULL,NULL),
(174,'MUHAMMAD ATHAYA SURYA ADHITAMA',NULL,NULL),
(175,'AZIZAH FAIZA ZAHRAH',NULL,NULL),
(176,'SAVIA AQILA AZZAHRA',NULL,NULL),
(177,'AKHIRUL AFLAHA',NULL,NULL),
(178,'ANDI RIZQY',NULL,NULL),
(179,'ALARIC ZUFAR FATKURROHMAN',NULL,NULL),
(180,'FIQY PRATAMA',NULL,NULL),
(181,'GALIH WICAKSANA',NULL,NULL),
(182,'BAGAS MULYADANA',NULL,NULL),
(183,'RAFFA NOVANDRIANSYAH',NULL,NULL),
(184,'DEVON JOVIAN ANGELO',NULL,NULL),
(185,'M. RIZKY ADHITYA PUTRA SUSANTO',NULL,NULL),
(186,'MAULANA BAIM ERWIN PRATAMA',NULL,NULL),
(187,'BISMA AGENG PRAYITNO',NULL,NULL),
(188,'BILLIE BOGDANO WIRADINKA',NULL,NULL),
(189,'TIFFANIA ZIADAH FIL TAFKIR',NULL,NULL),
(190,'CICILIA OKTAFIA KIRANI',NULL,NULL),
(191,'TIARA SARAH FADHILLAH',NULL,NULL),
(192,'LUGHOWI BRAMANTYO SANTOSO',NULL,NULL),
(193,'CHAIRANI GAYATRI TYAS SANTOSO',NULL,NULL),
(194,'CAMELIA LATIFA KUSUMAWATI',NULL,NULL),
(195,'ELVINA VELANI WIBOWO',NULL,NULL),
(196,'ADHIESTY CHIARA AGNETTA',NULL,NULL),
(197,'SAFIRA NUR INAYAH',NULL,NULL),
(198,'CATUR STROM',NULL,NULL),
(199,'TITAN DAMARJATI',NULL,NULL),
(200,'VICKY AZDKA MANGGALA',NULL,NULL),
(201,'ARYABIANTA KHANZA MARASATYA ',NULL,NULL),
(202,'ALVIKHA MIFTA ARDINA',NULL,NULL),
(203,'WASHIFAH JANEETA FRYSA ISWARA',NULL,NULL),
(204,'JIHAN ZUFAR NABILA',NULL,NULL),
(205,'CHEIZA ANAYA ZIDANTA',NULL,NULL),
(206,'SYAFA NUR AFFIFAH',NULL,NULL),
(207,'NISA AMEILIA',NULL,NULL),
(208,'RAFAN JAVIER FALAH',NULL,NULL),
(209,'MICHELYA SALINDRA SETIAJI',NULL,NULL),
(210,'JOHANES RIO RESI AGASTYA',NULL,NULL),
(211,'LUTFFIAH HILLMI RAHMADANI',NULL,NULL),
(212,'RHANIA ELMAYRA',NULL,NULL),
(213,'BARIK AR RISKI AL AMIN',NULL,NULL),
(214,'AQILA ARGATAMA',NULL,NULL),
(215,'HIENSA KEYFARA AURELY',NULL,NULL),
(216,'GALUH PUTRI HAYATI ',NULL,NULL),
(217,'KEFFA JOCRIEZANNA  TIANJAR',NULL,NULL),
(218,'Jovita Darla Callista',NULL,NULL),
(219,'Sean Nibras Faiq',NULL,NULL),
(220,'Shaquil Shyam El Jundi',NULL,NULL),
(221,'Adelio Abrisam Yanuardi',NULL,NULL),
(222,'Muhammad Arya Dzaky Pradana ',NULL,NULL),
(223,'Adiba Dinda Nareswari',NULL,NULL),
(224,'Naomi Ramania Putri',NULL,NULL),
(225,'Zidan Muhammad Andreyan',NULL,NULL),
(226,'Naufal Syamil Abiyyu',NULL,NULL),
(227,'Muhammad Wafi Zaidan Ilmi',NULL,NULL),
(228,'Avrizio Adian Rafasya',NULL,NULL),
(229,'Nafiza Nazwa Khoirulliza',NULL,NULL),
(230,'Nurina Sholiha Al Fadhil',NULL,NULL),
(231,'Khansaa Zhaafirah Maheswari',NULL,NULL),
(232,'ARKHAM RIZQY MAULANA',NULL,NULL),
(233,'GHAZIIY ABRISAM FAEYZA',NULL,NULL),
(234,'BIMA ARYA GUNA',NULL,NULL),
(235,'CATHERINE ANGGITA PUTRI',NULL,NULL),
(236,'MIFTHACHUL FADHLI ADYARAFA',NULL,NULL),
(237,'ALIQA SAUFA THUFAILA ANDISKA',NULL,NULL),
(238,'MUHAMMAD RIZKY MAULANA',NULL,NULL),
(239,'FAHRUL NAUFAL ABIYYU',NULL,NULL),
(240,'NAYLA DWI RAHMAWATI',NULL,NULL),
(241,'KEYZA DINDA ARYANSA',NULL,NULL),
(242,'ADIKARA ASKA PUTRA PRATAMA',NULL,NULL),
(243,'MUHAMMAD AFFAN AZKA PRAMUDITA',NULL,NULL),
(244,'DAMIA ANGGER PUTRI',NULL,NULL),
(245,'AERELYN ARMYLIVIA KINTANZA',NULL,NULL),
(246,'NIZAM ASYRAFI',NULL,NULL),
(247,'ZIDAN MAHARDIKA',NULL,NULL),
(248,'RADITYA JUNIOR PRATAMA',NULL,NULL),
(249,'SANLI GALIH EFENDI',NULL,NULL),
(250,'FELICIA REINAGA SETIADI',NULL,NULL),
(251,'LATIFAH NASWA ISTIQOMAH',NULL,NULL),
(252,'TAUFIK AQILA PRANAJA',NULL,NULL),
(253,'RASYID HABIBIE',NULL,NULL),
(254,'NOVA ZULAIKAH SRI AFIFAH',NULL,NULL),
(255,'RASYA PUTRI SUWONDO',NULL,NULL),
(256,'ONE OKTA NAUFAL RAIN SUBARI',NULL,NULL),
(257,'RENATHAN AGUSFA A JUNIARTA',NULL,NULL),
(258,'DANIEL MARCELLINO GANENDRA',NULL,NULL),
(259,'CORNELLIUS FARELL GIANDRA',NULL,NULL),
(260,'ARSA SABDA SANUBARI HANDOKO',NULL,NULL),
(261,'FAIDZ LATIF HARDHIANA',NULL,NULL),
(262,'LUTFIAH TALITA ZAHRA',NULL,NULL),
(263,'KHOIRUNISA LATHIF',NULL,NULL),
(264,'ARUM KUSUMAHATI',NULL,NULL),
(265,'ZAHRA MEYLANI PUTRI SUTOMO',NULL,NULL),
(266,'SINTA SELVIANA',NULL,NULL),
(267,'ALFATAH UMAR AS\'YUDHA',NULL,NULL),
(268,'AISYAH JIHAN NADILLA',NULL,NULL),
(269,'DEVITA PUTRIANI',NULL,NULL),
(270,'AMRINA ROSYADA NUR\'AINI',NULL,NULL),
(271,'SAYYID MARWAN LUTFHI HUWAIDI',NULL,NULL),
(272,'RIO MUHAMMAD KONIZAM',NULL,NULL),
(273,'HASNA KHOIRUNNISA',NULL,NULL),
(274,'ADRIAN RIZQI ALFARIZI',NULL,NULL),
(275,'NASYA PUTRI EKA MARGARETA',NULL,NULL),
(276,'SELLY MARGARANI PUTRI',NULL,NULL),
(277,'AISSYAH PUTRI RAHMADHANI',NULL,NULL),
(278,'CANTIKA EXCELENTYA FERNANDA',NULL,NULL),
(279,'MUCHAMMAD FARHAN DWIKENSA NURROCHMAD',NULL,NULL),
(280,'MAYA PUTRI SEJATI',NULL,NULL),
(281,'ARSHAVIN BAYU RAMADHANI',NULL,NULL),
(282,'HELGA ZULFA PRASETYA',NULL,NULL),
(283,'RINIARTI SALSABELA',NULL,NULL),
(284,'SABRINA ELSA ZULAYKHA',NULL,NULL),
(285,'DHEKA VICKO PUTRA WIBAWA',NULL,NULL),
(286,'FEBRIAN EKA SAMUDRA',NULL,NULL),
(287,'NOVADRI PRAMADIAZ BUDI',NULL,NULL),
(288,'Faidz Lathif Hardhiana',NULL,NULL),
(289,'LAQIEF MUHAMMAD ALFARIZKY',NULL,NULL),
(290,'JOSHIFA ALIYA NUR ALMIRA',NULL,NULL),
(291,'MATAHARI BUDHI PRATISTHA PUTRI',NULL,NULL),
(292,'FAISHAL RUBY MUSTHAFA',NULL,NULL),
(293,'MAHAWIRA THEVAN ALMORTAZA',NULL,NULL),
(294,'RUMUZ I BEKHUDI NASHIER',NULL,NULL),
(295,'NIDAN AHMAD ABQARI',NULL,NULL),
(296,'AYSHA AQUEENA CLARINTA',NULL,NULL),
(297,'KANZA TRISULLA',NULL,NULL),
(298,'ALMIRA QISYA LARASATI',NULL,NULL),
(299,'JANUR DJENAR HERMAWAN ',NULL,NULL),
(300,'VANYA CALISTA RUSSANDRA KARYANTO',NULL,NULL),
(301,'SHODAN FATIHA SYAKIRA KHANSA',NULL,NULL),
(302,'ASRAR I KHUDI NASIER',NULL,NULL),
(303,'ALIF ARJUN NYA PRADITYA',NULL,NULL),
(304,'MEZALUNA RIDHO PUTRI SETIAWAN ',NULL,NULL),
(305,'KANIA AUDRIYA PUTRI HERNAWIYANTO',NULL,NULL),
(306,'KIESA PUTRI AYUNINGTYAS',NULL,NULL),
(307,'TURSINA FILDZA QURROTAL\'AIN',NULL,NULL),
(308,'JENAR KHALISA SAKHI',NULL,NULL),
(309,'FADHIL LUTFHI HARYANA',NULL,NULL),
(310,'SHAYLA SYAHRANI',NULL,NULL),
(311,'TYARA SEKAR RASHEEZA',NULL,NULL),
(312,'IKHWAN ADITTYA P.T',NULL,NULL),
(313,'MARCEL PUTRA SATRYA NUR QAMAR',NULL,NULL),
(314,'NUGRALIANA CAHAYA AJI',NULL,NULL),
(315,'NAURA RAMANIYA FADHILAH',NULL,NULL),
(316,'NAF\'AN SATRIO WICAKSONO',NULL,NULL),
(317,'RIDHO HAFIZH SETIAWAN',NULL,NULL),
(318,'EGA TIFANI',NULL,NULL),
(319,'RASTRA RIDHO KATAMA',NULL,NULL),
(320,'RIZKA DIAN SAPUTRI',NULL,NULL),
(321,'HERNADITO ARO SENO',NULL,NULL),
(322,'MAHERZA SAKHA ABIMANTRA',NULL,NULL),
(323,'REZQIANO HAMIZAN FADEL KUSUMA',NULL,NULL),
(324,'FARAISA NAMEERA DANEEN KUSUMA',NULL,NULL),
(325,'NARENDRA KAMAL DANADIPA',NULL,NULL),
(326,'ALTHAF MU\'AMMAR MA\'RUF',NULL,NULL),
(327,'SAYID IMRADHAYASTHA LN',NULL,NULL),
(328,'ALY QOBUS AYYASY HAKIM',NULL,NULL),
(329,'Adreena Saila Dewangga',NULL,NULL),
(330,'Shaqueena Almahyra Arsy',NULL,NULL),
(331,'Vicenzo Sihombing',NULL,NULL),
(332,'Wegig Rineksa Gusti',NULL,NULL),
(333,'Aufa Sulthan Abbasy',NULL,NULL),
(334,'Zahir Lucky Putrandy',NULL,NULL),
(335,'Audry Ollivia Pratama',NULL,NULL),
(336,'Zea Abigail Putri Kristiono',NULL,NULL),
(337,'Yasamina Nabila Hasna Faustin',NULL,NULL),
(338,'Almaika Muray Burhanudin',NULL,NULL),
(339,'Jauza Jahira Ali',NULL,NULL),
(340,'Salim',NULL,NULL),
(341,'Rhapsody Kenza Riyadi ',NULL,NULL),
(342,'Fausta Yuwan Mulya',NULL,NULL),
(343,'Alisa Salsabila',NULL,NULL),
(344,'Salwa Syafiah Putri',NULL,NULL),
(345,'Raditya Putra Wijaya',NULL,NULL),
(346,'Nadiv Pijar Semesta',NULL,NULL),
(347,'Wafiq Karimah Mufidah ',NULL,NULL),
(348,'Afiqah Husna ',NULL,NULL),
(349,'Muhammad Ikhsan Saputra ',NULL,NULL),
(350,'Zulfar Alvaro Adhyastha',NULL,NULL),
(351,'Ramaduta Pandhega',NULL,NULL),
(352,'Rayyan Gyanara Santoso',NULL,NULL),
(353,'Thalita Aulia Rheva Sabella',NULL,NULL),
(354,'Gendis Violita Wati',NULL,NULL),
(355,'Queen Fitriana Fauziyah',NULL,NULL),
(356,'Naufal Muhammad Luthfi',NULL,NULL),
(357,'Malik Lucky Widiawan',NULL,NULL),
(358,'Nayra Aulia Ariyanti',NULL,NULL),
(359,'Amanda Zahra Kusumaningrum',NULL,NULL),
(360,'Rizqi Tri Oktaviani',NULL,NULL),
(361,'Safira Triyas Pramesthi',NULL,NULL),
(362,'Hafshah Qonita Rohimah',NULL,NULL),
(363,'Kinan Nabil Zhafir Adyan',NULL,NULL),
(364,'Nathasya Angela ',NULL,NULL),
(365,'Karomah \'Abidah ',NULL,NULL),
(366,'Annisa Nur Hasanah ',NULL,NULL),
(367,'Abdullah Azzam Hafizhuddin',NULL,NULL),
(368,'Silvia Sekar Rohmatun Nur\'aini',NULL,NULL),
(369,'Rania Kinaya Putri',NULL,NULL),
(370,'Prima Nugroho Saputro',NULL,NULL),
(371,'Arum Satriani',NULL,NULL),
(372,'Hafiiz Tataq Prayoga',NULL,NULL),
(373,'Fatarani Kentyas Trie Kinara',NULL,NULL),
(374,'Khoirunnisa Khamila',NULL,NULL),
(375,'Ecca Febryarini Kusumaningtyas',NULL,NULL),
(376,'Roro Sekar Asmara',NULL,NULL),
(377,'Iyank Gaara Akhlis Suny',NULL,NULL),
(378,'Abthal Aqilah Qushoyyi',NULL,NULL),
(379,'Joyceita Jade Maliqa Baby Nugroho',NULL,NULL),
(380,'Julyanis Ulayya Fajriani',NULL,NULL),
(381,'Fidela Raya Khalizza',NULL,NULL),
(382,'Anggun Prasasti Wijaya',NULL,NULL),
(383,'Qonitah',NULL,NULL),
(384,'Aulia Amirul Isnaini',NULL,NULL),
(385,'Aulia Nurul Khotimah',NULL,NULL),
(386,'Nabila Ayudiana',NULL,NULL),
(387,'Vanesa Kiara Patricia',NULL,NULL),
(388,'Noval Danang Saputra  ',NULL,NULL),
(389,'Melinda Endah Pratiwi  ',NULL,NULL),
(390,'Luthfi Nur Prastyawan',NULL,NULL),
(391,'Wadhrib Azifa Rhahim',NULL,NULL),
(392,'Muhammad Dzulfiqar Purbaya',NULL,NULL),
(393,'Eza Aditya Putra',NULL,NULL),
(394,'Engracia Daniela Augustha',NULL,NULL),
(395,'Aira Putra Ramadhan ',NULL,NULL),
(396,'Ganes Resendriya Ali',NULL,NULL),
(397,'Muhammad Fardhan Tanjung',NULL,NULL),
(398,'Cahya Kumala',NULL,NULL),
(399,'Hartatik Agustiana',NULL,NULL),
(400,'Zahra Amelia',NULL,NULL),
(401,'Raja Ginggi Amarta',NULL,NULL),
(402,'Henokh Wino Kristiyan',NULL,NULL),
(403,'Sifa Aizinafir',NULL,NULL),
(404,'Keyla Azzahra Lintang Mahadewi ',NULL,NULL),
(405,'Dio Faizal Akbar',NULL,NULL),
(406,'Alvi Suryo Nugroho ',NULL,NULL),
(407,'Fauzan Aristya Bhirawayudha',NULL,NULL),
(408,'Faustina Yuwan Kacaya',NULL,NULL),
(409,'Bunga Dwi Wulan',NULL,NULL),
(410,'Zidan Muhammad Zaki Rafiq',NULL,NULL),
(411,'Dianningsih Choiriyah Pramusinta',NULL,NULL),
(412,'Faiz Tsabitul Haq',NULL,NULL),
(413,'Alif Fadil Mallapiseng',NULL,NULL),
(414,'Putu Citra Aditama',NULL,NULL),
(415,'Maulana Hanif Utsman',NULL,NULL),
(416,'Tegar Bayu Pamungkas',NULL,NULL),
(417,'El Roi Vallen Wijayanto',NULL,NULL),
(418,'Nathan Kenzie Diantoro',NULL,NULL),
(419,'Rasyid Permono Putro Kristanto',NULL,NULL),
(420,'Shinggih Armada',NULL,NULL),
(421,'Rasyid Permono Putro Kristanto',NULL,NULL),
(422,'Muhammad Abdul Aziz',NULL,NULL),
(423,'Narwies Ghanna Maezya Putri',NULL,NULL),
(424,'Vina Anindya Putri',NULL,NULL),
(425,'Zaidan Al-baihaqi Salim',NULL,NULL),
(426,'Choirul ragil nurdiyansyah ',NULL,NULL),
(427,'Ismail Fadli',NULL,NULL),
(428,'Malvin Ahmad Khatir',NULL,NULL),
(429,'Fransiskus Adriano Diandra',NULL,NULL),
(430,'Arkan Ataya Ramadhan',NULL,NULL),
(431,'Oshi Widya Anjani',NULL,NULL),
(432,'Diandra Olivia Anindya',NULL,NULL),
(433,'Bagas Arcello Putra Reisyan',NULL,NULL),
(434,'Rayteda Oyabun Garten Sopian',NULL,NULL),
(435,'Fauzan Ma\'rifattul Kamil',NULL,NULL),
(436,'M Ivan Faturrahman',NULL,NULL),
(437,'Ahmad Bahrudin',NULL,NULL),
(438,'Muhammad Hatim Bangun Nurcahyo',NULL,NULL),
(443,'Galih Ageng Lekso Bawono',NULL,NULL),
(444,'Rafif Dhanu Ardhana Putra',NULL,NULL),
(445,'Syifa Aurellia',NULL,NULL),
(446,'Eka Agustinus Sitio',NULL,NULL),
(447,'Sena Charlies Al Buqchori',NULL,NULL),
(449,'Gadis Agustina Rahma Yani',NULL,NULL),
(450,'Baim Wibawa',NULL,NULL),
(451,'Muhammad Fiqih Narto',NULL,NULL),
(452,'Vianka Neisya Kanaya',NULL,NULL),
(453,'Aqila Hana Izzatunnisa',NULL,NULL),
(454,'Bimo Ageng Tribakti',NULL,NULL),
(455,'Arizal Mufti Anfal',NULL,NULL),
(456,'Rafa Indy Adonis',NULL,NULL),
(457,'Abbad Nailun Nabhan',NULL,NULL),
(458,'Aryanda Berlian Cristine P',NULL,NULL),
(459,'Hafidha Nabila Zulaikha',NULL,NULL),
(460,'Khayla Adeeva Zhafirah',NULL,NULL),
(461,'Azzalea Nawa Prasetya',NULL,NULL),
(462,'Naila Diandra Putri',NULL,NULL),
(463,'Haya Aqillah Hidayat',NULL,NULL),
(464,'Lauriza Danarwa Valathif',NULL,NULL),
(465,'Revania Sabrina Putri',NULL,NULL),
(466,'Nadhifa Salma Darmadi',NULL,NULL),
(467,'Muhammad Kibar Sirojul',NULL,NULL),
(468,'Muhammad Pradipta Roosevelt',NULL,NULL),
(469,'Regha Azzhura Gibran',NULL,NULL),
(470,'Izzat Naufal Syazani',NULL,NULL),
(471,'sakamihir charlo jati wibowo',NULL,NULL),
(472,'Al\'khidmatu Daimah',NULL,NULL),
(473,'Verrel Ramdhani Wibowo',NULL,NULL),
(474,'Aditya Rey Alteza',NULL,NULL),
(475,'Elang Satria Wicaksana',NULL,NULL),
(476,'Mario Urdha Brahmacary',NULL,NULL),
(477,'ARSHAND AFNANDAH',NULL,NULL),
(478,'Muhammad Hatim Bangun N',NULL,NULL),
(479,'Latif Dian Permana',NULL,NULL),
(480,'Satriyo Ardhy Putra ',NULL,NULL),
(481,'Inayah Mahmudah Trias W',NULL,NULL),
(482,'Tsania Faradina Afroch',NULL,NULL),
(483,'Aza Shyarifa Almira',NULL,NULL),
(484,'Hoerunisa Regina Putri',NULL,NULL),
(485,'Felinsya Putri Niwanggi',NULL,NULL),
(486,'\'Izza \'Udhmatun Nabila',NULL,NULL),
(487,'Assyifa Hasna Istiqomah',NULL,NULL),
(488,'chalista dovely aurani',NULL,NULL),
(489,'Tegar putra pamungkas',NULL,NULL),
(490,'Royyan Fajar Prasetyo',NULL,NULL),
(491,'Arafi Windiar Oktafiansyah.',NULL,NULL),
(492,'Naufal Saalik Multazam',NULL,NULL),
(493,'Kaizena Ahmad Widodo',NULL,NULL),
(494,'Bima Aditya Putra',NULL,NULL),
(495,'Erfa Fathin Habibullah',NULL,NULL),
(496,'Osha Laudya Aurakasih',NULL,NULL),
(497,'Masayu Galih Retno',NULL,NULL),
(498,'Adila Rifti Rahayu ',NULL,NULL),
(499,'Siva Rastiana',NULL,NULL),
(500,'Marzenesa Agustin Kusuma D',NULL,NULL),
(501,'Lovinza Alsahila Janati',NULL,NULL),
(502,'happy pristisia cholib',NULL,NULL),
(503,'Zenither Aresti Mufida',NULL,NULL),
(504,'Leony nimas iksal kirana',NULL,NULL),
(505,'Riana Mozza Pratiwi',NULL,NULL),
(506,'Vita Septiana Ramadhani',NULL,NULL),
(507,'Aditya Ahmad Khoerudin',NULL,NULL),
(508,'Royyan Akbar Sarjono',NULL,NULL),
(509,'Triana Rahmawati',NULL,NULL),
(510,'Tyas Wahyu Punky Pinayung',NULL,NULL),
(511,'Naura Virginia Alexandra',NULL,NULL),
(512,'Teresia Newshinta Geraldine',NULL,NULL),
(513,'Fashihah Aqillah Azzarho',NULL,NULL),
(514,'Nisa putri ramadhani',NULL,NULL),
(515,'Ulfadhli Nurul Imanah',NULL,NULL),
(516,'Gledis Revalina ',NULL,NULL),
(517,'Rarasati Ajeng Nur Fatekah',NULL,NULL),
(518,'Alicia Putri Ramadhani',NULL,NULL),
(519,'Happy Love Viona',NULL,NULL),
(520,'Farah Mufidah Rais',NULL,NULL),
(521,'Salma Ayu Widiyaningrum',NULL,NULL),
(522,'Esa Aleta',NULL,NULL),
(523,'Tifico Aisyah Berliana Pradita',NULL,NULL),
(524,'Dea Putri Agustina',NULL,NULL),
(525,'Juazzahra Nur Afifah',NULL,NULL),
(526,'Wiwin Kurniawati',NULL,NULL),
(527,'Putri Natasha ',NULL,NULL),
(528,'Nabila Aisha Vanya',NULL,NULL),
(529,'Fani Nur Diana',NULL,NULL),
(530,'Revana Dista Al\'qorny',NULL,NULL),
(531,'Vaisal Rahmadani',NULL,NULL),
(532,'Ravindra Arifin Rozan',NULL,NULL),
(533,'ZULFA RUSPITA NURILA',NULL,NULL),
(534,'GLARIS FARRAS EKA FARMANDA',NULL,NULL),
(535,'ASTA PRATAMA AL MURSYID',NULL,NULL),
(536,'RASYID IMRAN',NULL,NULL),
(537,'ENGGRASIA DANIZ A',NULL,NULL),
(538,'REVANDIO METALOVA',NULL,NULL),
(539,'MAULINA CAHAYA UTAMI',NULL,NULL),
(540,'HERALD BRIANTARA PUTRA',NULL,NULL),
(541,'AZZAHRA DELLOVY RAMADHANI',NULL,NULL),
(542,'SAYID IMRADHYASTHA LUTHFY N',NULL,NULL),
(543,'REFA MIFTAHUL KHASANAH',NULL,NULL),
(544,'PUPUT MEGA PRATIWI',NULL,NULL),
(545,'HANIF SATRIO DEWANDARU',NULL,NULL),
(546,'NOAH AL GHAZALI',NULL,NULL),
(547,'RIZKY WIDIYANTO NUGROHO',NULL,NULL),
(548,'SINGGIH ARMADA',NULL,NULL),
(549,'HANIF ADITYA RAHMAN',NULL,NULL),
(550,'ADITYA EVANDER',NULL,NULL),
(551,'NABIL ISYAD',NULL,NULL),
(552,'ARDHIAN NUR WIDIYANTORO',NULL,NULL),
(553,'ZIDAN PUTRA YUDITYA',NULL,NULL),
(554,'NADA NADIVA LAZUARDI',NULL,NULL),
(555,'ANINDIA',NULL,NULL),
(556,'AQILLA AZ ZAHRA',NULL,NULL),
(557,'AZKIA',NULL,NULL),
(558,'KINANTHI SOYATAMA',NULL,NULL),
(559,'ALISHA RANA FADHILAH',NULL,NULL),
(560,'SALWA NUR JANNAH',NULL,NULL),
(561,'ALMEIRA CHARMALITA',NULL,NULL),
(562,'KANIA AUDIA',NULL,NULL),
(563,'KAYSHA PUTRI',NULL,NULL),
(564,'RARAS ATI',NULL,NULL),
(565,'JUNIOR ALIF FRANDI SRIONO',NULL,NULL),
(566,'KEVIN UBAY AL RAFIF',NULL,NULL),
(567,'KRISNA JAYA WARDANA',NULL,NULL),
(568,'IVANDER MAULANA SUKOCO',NULL,NULL),
(569,'TALITA ZAHWA NOVIARDHANI',NULL,NULL),
(570,'ARFAN YAZID PUTRA P ',NULL,NULL),
(571,'SHOLICHUL MUKMININ',NULL,NULL),
(572,'AEDREANA SAILA DEWANGGA',NULL,NULL),
(573,'AZZAM MADYA MAHIRASWA',NULL,NULL),
(574,'ARSHAKA CANDRA AINNURACHMAN',NULL,NULL),
(575,'VALENDRA PUTRA PRATAMA',NULL,NULL),
(576,'TSAQIIF ZUHDI ABDUROHMAN',NULL,NULL),
(577,'AQILA FITRI RAMADHANI',NULL,NULL),
(578,'ARZA KAYLA PUTRI PRASETYA',NULL,NULL),
(579,'MAYDA JAMANATULNAFI',NULL,NULL),
(580,'VARREL RAMDHANI WIBOWO',NULL,NULL),
(581,'YANUAR NUR ADELIA ',NULL,NULL),
(582,'ELVINA LISTIA NINGRUM',NULL,NULL),
(583,'ASYIFA WINDA SETIAWAN',NULL,NULL);

/*Table structure for table `password_resets` */

DROP TABLE IF EXISTS `password_resets`;

CREATE TABLE `password_resets` (
  `email` varchar(255) CHARACTER SET utf8mb4 COLLATE utf8mb4_unicode_ci NOT NULL,
  `token` varchar(255) CHARACTER SET utf8mb4 COLLATE utf8mb4_unicode_ci NOT NULL,
  `created_at` timestamp NULL DEFAULT NULL,
  KEY `password_resets_email_index` (`email`)
) ENGINE=InnoDB DEFAULT CHARSET=utf8mb4 COLLATE=utf8mb4_unicode_ci;

/*Data for the table `password_resets` */

/*Table structure for table `personal_access_tokens` */

DROP TABLE IF EXISTS `personal_access_tokens`;

CREATE TABLE `personal_access_tokens` (
  `id` bigint unsigned NOT NULL AUTO_INCREMENT,
  `tokenable_type` varchar(255) CHARACTER SET utf8mb4 COLLATE utf8mb4_unicode_ci NOT NULL,
  `tokenable_id` bigint unsigned NOT NULL,
  `name` varchar(255) CHARACTER SET utf8mb4 COLLATE utf8mb4_unicode_ci NOT NULL,
  `token` varchar(64) CHARACTER SET utf8mb4 COLLATE utf8mb4_unicode_ci NOT NULL,
  `abilities` text CHARACTER SET utf8mb4 COLLATE utf8mb4_unicode_ci,
  `last_used_at` timestamp NULL DEFAULT NULL,
  `created_at` timestamp NULL DEFAULT NULL,
  `updated_at` timestamp NULL DEFAULT NULL,
  PRIMARY KEY (`id`),
  UNIQUE KEY `personal_access_tokens_token_unique` (`token`),
  KEY `personal_access_tokens_tokenable_type_tokenable_id_index` (`tokenable_type`,`tokenable_id`)
) ENGINE=InnoDB DEFAULT CHARSET=utf8mb4 COLLATE=utf8mb4_unicode_ci;

/*Data for the table `personal_access_tokens` */

/*Table structure for table `users` */

DROP TABLE IF EXISTS `users`;

CREATE TABLE `users` (
  `id` bigint unsigned NOT NULL AUTO_INCREMENT,
  `name` varchar(255) CHARACTER SET utf8mb4 COLLATE utf8mb4_unicode_ci NOT NULL,
  `email` varchar(255) CHARACTER SET utf8mb4 COLLATE utf8mb4_unicode_ci NOT NULL,
  `email_verified_at` timestamp NULL DEFAULT NULL,
  `password` varchar(255) CHARACTER SET utf8mb4 COLLATE utf8mb4_unicode_ci NOT NULL,
  `level` varchar(255) CHARACTER SET utf8mb4 COLLATE utf8mb4_unicode_ci NOT NULL DEFAULT '3',
  `remember_token` varchar(100) CHARACTER SET utf8mb4 COLLATE utf8mb4_unicode_ci DEFAULT NULL,
  `created_at` timestamp NULL DEFAULT NULL,
  `updated_at` timestamp NULL DEFAULT NULL,
  PRIMARY KEY (`id`),
  UNIQUE KEY `users_email_unique` (`email`)
) ENGINE=InnoDB AUTO_INCREMENT=2 DEFAULT CHARSET=utf8mb4 COLLATE=utf8mb4_unicode_ci;

/*Data for the table `users` */

insert  into `users`(`id`,`name`,`email`,`email_verified_at`,`password`,`level`,`remember_token`,`created_at`,`updated_at`) values 
(1,'Sayyid Syafiq Abdul Aziz','sayyidsyafiq234@gmail.com',NULL,'$2y$10$PIlEMvkw7V8eRa/wKsxAiubxllyZMUEm1IORlIXY6rkPolfUwhlwe','3',NULL,'2023-12-26 15:47:45','2023-12-26 15:47:45');

/*Table structure for table `winners` */

DROP TABLE IF EXISTS `winners`;

CREATE TABLE `winners` (
  `winner_id` bigint unsigned NOT NULL AUTO_INCREMENT,
  `winner_name` varchar(255) CHARACTER SET utf8mb4 COLLATE utf8mb4_unicode_ci NOT NULL,
  `created_at` varchar(255) CHARACTER SET utf8mb4 COLLATE utf8mb4_unicode_ci DEFAULT NULL,
  `updated_at` varchar(255) CHARACTER SET utf8mb4 COLLATE utf8mb4_unicode_ci DEFAULT NULL,
  PRIMARY KEY (`winner_id`)
) ENGINE=InnoDB AUTO_INCREMENT=244 DEFAULT CHARSET=utf8mb4 COLLATE=utf8mb4_unicode_ci;

/*Data for the table `winners` */

insert  into `winners`(`winner_id`,`winner_name`,`created_at`,`updated_at`) values 
(3,'JUARA 1 KATA PERORANGAN USIA DINI PUTRI','0000-00-00 00:00:00','0000-00-00 00:00:00'),
(4,'JUARA 2 KATA PERORANGAN USIA DINI PUTRI','',''),
(5,'JUARA 1 KATA PERORANGAN USIA DINI PUTRA','',''),
(6,'JUARA 2 KATA PERORANGAN USIA DINI PUTRA','',''),
(7,'JUARA 3 KATA PERORANGAN USIA DINI PUTRA','',''),
(8,'JUARA 3 KATA PERORANGAN USIA DINI PUTRI','',''),
(9,'JUARA 1 KATA PERORANGAN PRA PEMULA PUTRI','',''),
(10,'JUARA 2 KATA PERORANGAN PRA PEMULA PUTRI','',''),
(11,'JUARA 3 KATA PERORANGAN PRA PEMULA PUTRI','',''),
(12,'JUARA 1 KATA PERORANGAN PRA PEMULA PUTRA','',''),
(13,'JUARA 2 KATA PERORANGAN PRA PEMULA PUTRA','',''),
(14,'JUARA 3 KATA PERORANGAN PRA PEMULA PUTRA','',''),
(15,'JUARA 1 KATA PERORANGAN PEMULA PUTRI','',''),
(16,'JUARA 2 KATA PERORANGAN PEMULA PUTRI','',''),
(17,'JUARA 3 KATA PERORANGAN PEMULA PUTRI','',''),
(18,'JUARA 1 KATA PERORANGAN PEMULA PUTRA','',''),
(19,'JUARA 2 KATA PERORANGAN PEMULA PUTRA','',''),
(20,'JUARA 3 KATA PERORANGAN PEMULA PUTRA','',''),
(21,'JUARA 1 KATA PERORANGAN KADET PUTRA','',''),
(22,'JUARA 2 KATA PERORANGAN KADET PUTRA','',''),
(23,'JUARA 3 KATA PERORANGAN KADET PUTRA','',''),
(24,'JUARA 1 KATA PERORANGAN KADET PUTRI','',''),
(25,'JUARA 2 KATA PERORANGAN KADET PUTRI','',''),
(26,'JUARA 3 KATA PERORANGAN KADET PUTRI','',''),
(27,'JUARA 1 KATA PERORANGAN JUNIOR PUTRA','',''),
(28,'JUARA 2 KATA PERORANGAN JUNIOR PUTRA','',''),
(29,'JUARA 3 KATA PERORANGAN JUNIOR PUTRA','',''),
(30,'JUARA 1 KATA PERORANGAN JUNIOR PUTRI','',''),
(31,'JUARA 2 KATA PERORANGAN JUNIOR PUTRI','',''),
(32,'JUARA 3 KATA PERORANGAN JUNIOR PUTRI','',''),
(33,'JUARA 1 KATA PERORANGAN UNDER 21 PUTRI','',''),
(34,'JUARA 2 KATA PERORANGAN UNDER 21 PUTRI','',''),
(35,'JUARA 3 KATA PERORANGAN UNDER 21 PUTRI','',''),
(36,'JUARA 1 KATA PERORANGAN UNDER 21 PUTRA','',''),
(37,'JUARA 2 KATA PERORANGAN UNDER 21 PUTRA','',''),
(38,'JUARA 1 KUMITE PERORANGAN USIA DINI PUTRA -25 KG','',''),
(39,'JUARA 2 KUMITE PERORANGAN USIA DINI PUTRA -25 KG','',''),
(40,'JUARA 3 KUMITE PERORANGAN USIA DINI PUTRA -25 KG','',''),
(41,'JUARA 1 KUMITE PERORANGAN USIA DINI PUTRI -25 KG','',''),
(42,'JUARA 2 KUMITE PERORANGAN USIA DINI PUTRI -25 KG','',''),
(43,'JUARA 1 KUMITE PERORANGAN USIA DINI PUTRA +35 KG','',''),
(44,'JUARA 2 KUMITE PERORANGAN USIA DINI PUTRA +35 KG','',''),
(45,'JUARA 1 KUMITE PERORANGAN PRA PEMULA PUTRI -40 KG','',''),
(46,'JUARA 2 KUMITE PERORANGAN PRA PEMULA PUTRI -40 KG','',''),
(47,'JUARA 1 KUMITE PERORANGAN PRA PEMULA PUTRI -30 KG','',''),
(48,'JUARA 2 KUMITE PERORANGAN PRA PEMULA PUTRI -30 KG','',''),
(49,'JUARA 1 KUMITE PERORANGAN PRA PEMULA PUTRA -35 KG','',''),
(50,'JUARA 2 KUMITE PERORANGAN PRA PEMULA PUTRA -35 KG','',''),
(51,'JUARA 3 KUMITE PERORANGAN PRA PEMULA PUTRA -35 KG','',''),
(52,'JUARA 1 KUMITE PERORANGAN PRA PEMULA PUTRA +40 KG','',''),
(53,'JUARA 2 KUMITE PERORANGAN PRA PEMULA PUTRA +40 KG','',''),
(54,'JUARA 3 KUMITE PERORANGAN PRA PEMULA PUTRA +40 KG','',''),
(55,'JUARA 1 KUMITE PERORANGAN PRA PEMULA PUTRA -40 KG','',''),
(56,'JUARA 2 KUMITE PERORANGAN PRA PEMULA PUTRA -40 KG','',''),
(57,'JUARA 3 KUMITE PERORANGAN PRA PEMULA PUTRA -40 KG','',''),
(58,'JUARA 1 KUMITE PERORANGAN PRA PEMULA PUTRI +40 KG','',''),
(59,'JUARA 2 KUMITE PERORANGAN PRA PEMULA PUTRI +40 KG','',''),
(60,'JUARA 3 KUMITE PERORANGAN PRA PEMULA PUTRI +40 KG','',''),
(61,'JUARA 1 KUMITE PERORANGAN PEMULA PUTRI -40 KG','',''),
(62,'JUARA 2 KUMITE PERORANGAN PEMULA PUTRI -40 KG','',''),
(63,'JUARA 3 KUMITE PERORANGAN PEMULA PUTRI -40 KG','',''),
(64,'JUARA 1 KUMITE PERORANGAN PEMULA PUTRI -45 KG','',''),
(65,'JUARA 2 KUMITE PERORANGAN PEMULA PUTRI -45 KG','',''),
(66,'JUARA 3 KUMITE PERORANGAN PEMULA PUTRI -45 KG','',''),
(67,'JUARA 1 KUMITE PERORANGAN PEMULA PUTRA -40 KG','',''),
(68,'JUARA 2 KUMITE PERORANGAN PEMULA PUTRA -40 KG','',''),
(69,'JUARA 3 KUMITE PERORANGAN PEMULA PUTRA -40 KG','',''),
(70,'JUARA 1 KUMITE PERORANGAN PEMULA PUTRA -45 KG','',''),
(71,'JUARA 2 KUMITE PERORANGAN PEMULA PUTRA -45 KG','',''),
(72,'JUARA 3 KUMITE PERORANGAN PEMULA PUTRA -45 KG','',''),
(73,'JUARA 1 KUMITE PERORANGAN USIA DINI PUTRA -30 KG','',''),
(74,'JUARA 2 KUMITE PERORANGAN USIA DINI PUTRA -30 KG','',''),
(75,'JUARA 3 KUMITE PERORANGAN USIA DINI PUTRA -30 KG','',''),
(76,'JUARA 1 KUMITE PERORANGAN PEMULA PUTRI +45 KG','',''),
(77,'JUARA 2 KUMITE PERORANGAN PEMULA PUTRI +45 KG','',''),
(78,'JUARA 3 KUMITE PERORANGAN PEMULA PUTRI +45 KG','',''),
(79,'JUARA 1 KUMITE PERORANGAN PEMULA PUTRA +45 KG','',''),
(80,'JUARA 2 KUMITE PERORANGAN PEMULA PUTRA +45 KG','',''),
(81,'JUARA 3 KUMITE PERORANGAN PEMULA PUTRA +45 KG','',''),
(82,'JUARA 1 KUMITE PERORANGAN KADET PUTRI -42 KG','',''),
(83,'JUARA 2 KUMITE PERORANGAN KADET PUTRI -42 KG','',''),
(84,'JUARA 1 KUMITE PERORANGAN KADET PUTRA -52 KG','',''),
(85,'JUARA 2 KUMITE PERORANGAN KADET PUTRA -52 KG','',''),
(86,'JUARA 3 KUMITE PERORANGAN KADET PUTRA -52 KG','',''),
(87,'JUARA 1 KUMITE PERORANGAN KADET PUTRI -47 KG','',''),
(88,'JUARA 2 KUMITE PERORANGAN KADET PUTRI -47 KG','',''),
(89,'JUARA 3 KUMITE PERORANGAN KADET PUTRI -47 KG','',''),
(90,'JUARA 1 KUMITE PERORANGAN KADET PUTRA -57 KG','',''),
(91,'JUARA 2 KUMITE PERORANGAN KADET PUTRA -57 KG','',''),
(92,'JUARA 3 KUMITE PERORANGAN KADET PUTRA -57 KG','',''),
(93,'JUARA 1 KUMITE PERORANGAN KADET PUTRI -54 KG','',''),
(94,'JUARA 2 KUMITE PERORANGAN KADET PUTRI -54 KG','',''),
(95,'JUARA 3 KUMITE PERORANGAN KADET PUTRI -54 KG','',''),
(96,'JUARA 1 KUMITE PERORANGAN KADET PUTRI +54 KG','',''),
(97,'JUARA 2 KUMITE PERORANGAN KADET PUTRI +54 KG','',''),
(98,'JUARA 3 KUMITE PERORANGAN KADET PUTRI +54 KG','',''),
(99,'JUARA 1 KUMITE PERORANGAN PEMULA PUTRA -35 KG','',''),
(100,'JUARA 2 KUMITE PERORANGAN PEMULA PUTRA -35 KG','',''),
(101,'JUARA 3 KUMITE PERORANGAN PEMULA PUTRA -35 KG','',''),
(102,'JUARA 1 KUMITE PERORANGAN PEMULA PUTRI -35 KG','',''),
(103,'JUARA 2 KUMITE PERORANGAN PEMULA PUTRI -35 KG','',''),
(104,'JUARA 3 KUMITE PERORANGAN PEMULA PUTRI -35 KG','',''),
(105,'JUARA 1 KUMITE PERORANGAN PEMULA PUTRA -35 KG','',''),
(106,'JUARA 2 KUMITE PERORANGAN PEMULA PUTRA -35 KG','',''),
(107,'JUARA 3 KUMITE PERORANGAN PEMULA PUTRA -35 KG','',''),
(108,'JUARA 1 KUMITE PERORANGAN KADET PUTRA -63 KG','',''),
(109,'JUARA 2 KUMITE PERORANGAN KADET PUTRA -63 KG','',''),
(110,'JUARA 3 KUMITE PERORANGAN KADET PUTRA -63 KG','',''),
(111,'JUARA 1 KUMITE PERORANGAN KADET PUTRA +70 KG','',''),
(112,'JUARA 2 KUMITE PERORANGAN KADET PUTRA +70 KG','',''),
(113,'JUARA 3 KUMITE PERORANGAN KADET PUTRA +70 KG','',''),
(114,'JUARA 2 KUMITE PERORANGAN JUNIOR -55 KG','',''),
(115,'JUARA 1 KUMITE PERORANGAN JUNIOR -55 KG','',''),
(116,'JUARA 3 KUMITE PERORANGAN JUNIOR -55 KG','',''),
(117,'JUARA 1 KUMITE PERORANGAN JUNIOR -61 KG','',''),
(118,'JUARA 1 KUMITE PERORANGAN JUNIOR -76 KG','',''),
(119,'JUARA 2 KUMITE PERORANGAN JUNIOR -76 KG','',''),
(120,'JUARA 1 KUMITE PERORANGAN JUNIOR PUTRI -48 KG','',''),
(121,'JUARA 2 KUMITE PERORANGAN JUNIOR PUTRI -48 KG','',''),
(122,'JUARA 3 KUMITE PERORANGAN JUNIOR PUTRI -48 KG','',''),
(123,'JUARA 2 KUMITE PERORANGAN JUNIOR PUTRA -61 KG','',''),
(124,'JUARA 3 KUMITE PERORANGAN JUNIOR PUTRA -61 KG','',''),
(125,'JUARA 1 KUMITE PERORANGAN JUNIOR PUTRI +59 KG','',''),
(126,'JUARA 2 KUMITE PERORANGAN JUNIOR PUTRI +59 KG','',''),
(127,'JUARA 3 KUMITE PERORANGAN JUNIOR PUTRI +59 KG','',''),
(128,'JUARA 1 KUMITE PERORANGAN JUNIOR PUTRI -59 KG','',''),
(129,'JUARA 2 KUMITE PERORANGAN JUNIOR PUTRI -59 KG','',''),
(130,'JUARA 3 KUMITE PERORANGAN JUNIOR PUTRI -59 KG','',''),
(131,'JUARA 1 KUMITE PERORANGAN UNDER 21 PUTRA -55 KG','',''),
(132,'JUARA 2 KUMITE PERORANGAN UNDER 21 PUTRA -55 KG','',''),
(133,'JUARA 3 KUMITE PERORANGAN UNDER 21 PUTRA -55 KG','',''),
(134,'JUARA 1 KUMITE PERORANGAN UNDER 21 PUTRI -50 KG','',''),
(135,'JUARA 2 KUMITE PERORANGAN UNDER 21 PUTRI -50 KG','',''),
(136,'JUARA 3 KUMITE PERORANGAN UNDER 21 PUTRI -50 KG','',''),
(137,'JUARA 1 KUMITE PERORANGAN UNDER 21 PUTRA -60 KG','',''),
(138,'JUARA 2 KUMITE PERORANGAN UNDER 21 PUTRA -60 KG','',''),
(139,'JUARA 3 KUMITE PERORANGAN UNDER 21 PUTRA -60 KG','',''),
(140,'JUARA 1 KUMITE PERORANGAN UNDER 21 PUTRA -75 KG','',''),
(141,'JUARA 2 KUMITE PERORANGAN UNDER 21 PUTRA -75 KG','',''),
(142,'JUARA 3 KUMITE PERORANGAN UNDER 21 PUTRA -75 KG','',''),
(143,'JUARA 1 KUMITE PERORANGAN UNDER 21 PUTRA -67 KG','',''),
(144,'JUARA 2 KUMITE PERORANGAN UNDER 21 PUTRA -67 KG','',''),
(145,'JUARA 3 KUMITE PERORANGAN UNDER 21 PUTRA -67 KG','',''),
(146,'JUARA 1 KUMITE PERORANGAN UNDER 21 PUTRA +84 KG','',''),
(147,'JUARA 2 KUMITE PERORANGAN UNDER 21 PUTRA +84 KG','',''),
(148,'JUARA 3 KUMITE PERORANGAN UNDER 21 PUTRA +84 KG','0000-00-00 00:00:00','0000-00-00 00:00:00'),
(149,'JUARA 1 KATA FESTIVAL PERORANGAN USIA DINI PUTRI','0000-00-00 00:00:00','0000-00-00 00:00:00'),
(150,'JUARA 2 KATA FESTIVAL PERORANGAN USIA DINI PUTRI','0000-00-00 00:00:00','0000-00-00 00:00:00'),
(151,'JUARA 1 KATA FESTIVAL PERORANGAN USIA DINI PUTRA','0000-00-00 00:00:00','0000-00-00 00:00:00'),
(152,'JUARA 2 KATA FESTIVAL PERORANGAN USIA DINI PUTRA','0000-00-00 00:00:00','0000-00-00 00:00:00'),
(153,'JUARA 3 KATA FESTIVAL PERORANGAN USIA DINI PUTRA','0000-00-00 00:00:00','0000-00-00 00:00:00'),
(154,'JUARA 3 KATA FESTIVAL PERORANGAN USIA DINI PUTRI','0000-00-00 00:00:00','0000-00-00 00:00:00'),
(155,'JUARA 1 KATA FESTIVAL PERORANGAN PRA PEMULA PUTRI','0000-00-00 00:00:00','0000-00-00 00:00:00'),
(156,'JUARA 2 KATA FESTIVAL PERORANGAN PRA PEMULA PUTRI','0000-00-00 00:00:00','0000-00-00 00:00:00'),
(157,'JUARA 3 KATA FESTIVAL PERORANGAN PRA PEMULA PUTRI','0000-00-00 00:00:00','0000-00-00 00:00:00'),
(158,'JUARA 1 KATA FESTIVAL PERORANGAN PRA PEMULA PUTRA','0000-00-00 00:00:00','0000-00-00 00:00:00'),
(159,'JUARA 2 KATA FESTIVAL PERORANGAN PRA PEMULA PUTRA','0000-00-00 00:00:00','0000-00-00 00:00:00'),
(160,'JUARA 3 KATA FESTIVAL PERORANGAN PRA PEMULA PUTRA','0000-00-00 00:00:00','0000-00-00 00:00:00'),
(161,'JUARA 1 KATA FESTIVAL PERORANGAN PEMULA PUTRI','0000-00-00 00:00:00','0000-00-00 00:00:00'),
(162,'JUARA 2 KATA FESTIVAL PERORANGAN PEMULA PUTRI','0000-00-00 00:00:00','0000-00-00 00:00:00'),
(163,'JUARA 3 KATA FESTIVAL PERORANGAN PEMULA PUTRI','0000-00-00 00:00:00','0000-00-00 00:00:00'),
(164,'JUARA 1 KATA FESTIVAL PERORANGAN PEMULA PUTRA','0000-00-00 00:00:00','0000-00-00 00:00:00'),
(165,'JUARA 2 KATA FESTIVAL PERORANGAN PEMULA PUTRA','0000-00-00 00:00:00','0000-00-00 00:00:00'),
(166,'JUARA 3 KATA FESTIVAL PERORANGAN PEMULA PUTRA','0000-00-00 00:00:00','0000-00-00 00:00:00'),
(167,'JUARA 1 KATA FESTIVAL PERORANGAN KADET PUTRA','0000-00-00 00:00:00','0000-00-00 00:00:00'),
(168,'JUARA 2 KATA FESTIVAL PERORANGAN KADET PUTRA','0000-00-00 00:00:00','0000-00-00 00:00:00'),
(169,'JUARA 3 KATA FESTIVAL PERORANGAN KADET PUTRA','0000-00-00 00:00:00','0000-00-00 00:00:00'),
(170,'JUARA 1 KATA FESTIVAL PERORANGAN KADET PUTRI','0000-00-00 00:00:00','0000-00-00 00:00:00'),
(171,'JUARA 2 KATA FESTIVAL PERORANGAN KADET PUTRI','0000-00-00 00:00:00','0000-00-00 00:00:00'),
(172,'JUARA 3 KATA FESTIVAL PERORANGAN KADET PUTRI','0000-00-00 00:00:00','0000-00-00 00:00:00'),
(173,'JUARA 1 KATA FESTIVAL PERORANGAN JUNIOR PUTRA','0000-00-00 00:00:00','0000-00-00 00:00:00'),
(174,'JUARA 2 KATA FESTIVAL PERORANGAN JUNIOR PUTRA','0000-00-00 00:00:00','0000-00-00 00:00:00'),
(175,'JUARA 3 KATA FESTIVAL PERORANGAN JUNIOR PUTRA','0000-00-00 00:00:00','0000-00-00 00:00:00'),
(176,'JUARA 1 KATA FESTIVAL PERORANGAN JUNIOR PUTRI','0000-00-00 00:00:00','0000-00-00 00:00:00'),
(177,'JUARA 2 KATA FESTIVAL PERORANGAN JUNIOR PUTRI','0000-00-00 00:00:00','0000-00-00 00:00:00'),
(178,'JUARA 3 KATA FESTIVAL PERORANGAN JUNIOR PUTRI','0000-00-00 00:00:00','0000-00-00 00:00:00'),
(179,'JUARA 1 KATA FESTIVAL PERORANGAN UNDER 21 PUTRI','0000-00-00 00:00:00','0000-00-00 00:00:00'),
(180,'JUARA 2 KATA FESTIVAL PERORANGAN UNDER 21 PUTRI','0000-00-00 00:00:00','0000-00-00 00:00:00'),
(181,'JUARA 3 KATA FESTIVAL PERORANGAN UNDER 21 PUTRI','0000-00-00 00:00:00','0000-00-00 00:00:00'),
(182,'JUARA 1 KATA FESTIVAL PERORANGAN UNDER 21 PUTRA','0000-00-00 00:00:00','0000-00-00 00:00:00'),
(183,'JUARA 2 KATA FESTIVAL PERORANGAN UNDER 21 PUTRA','0000-00-00 00:00:00','0000-00-00 00:00:00'),
(184,'JUARA 1 KATA FESTIVAL PERORANGAN PRA USIA DINI PUTRA',NULL,NULL),
(185,'JUARA 2 KATA FESTIVAL PERORANGAN PRA USIA DINI PUTRA',NULL,NULL),
(186,'JUARA 3 KATA FESTIVAL PERORANGAN PRA USIA DINI PUTRA',NULL,NULL),
(187,'JUARA 1 KATA FESTIVAL PERORANGAN PRA USIA DINI PUTRI',NULL,NULL),
(188,'JUARA 2 KATA FESTIVAL PERORANGAN PRA USIA DINI PUTRI',NULL,NULL),
(189,'JUARA 3 KATA FESTIVAL PERORANGAN PRA USIA DINI PUTRI',NULL,NULL),
(190,'JUARA 1 KUMITE FESTIVAL PERORANGAN USIA DINI PUTRA -25 KG',NULL,NULL),
(191,'JUARA 2 KUMITE FESTIVAL PERORANGAN USIA DINI PUTRA -25 KG',NULL,NULL),
(192,'JUARA 3 KUMITE FESTIVAL PERORANGAN USIA DINI PUTRA -25 KG',NULL,NULL),
(193,'JUARA 1 KUMITE FESTIVAL PERORANGAN PRA USIA DINI PUTRA -20 KG',NULL,NULL),
(194,'JUARA 2 KUMITE FESTIVAL PERORANGAN PRA USIA DINI PUTRA -20 KG',NULL,NULL),
(195,'JUARA 3 KUMITE FESTIVAL PERORANGAN PRA USIA DINI PUTRA -20 KG',NULL,NULL),
(196,'OFFICIAL',NULL,NULL),
(197,'JUARA 1 KUMITE FESTIVAL PERORANGAN PRA USIA DINI PUTRI -20 KG',NULL,NULL),
(198,'JUARA 2 KUMITE FESTIVAL PERORANGAN PRA USIA DINI PUTRI -20 KG',NULL,NULL),
(199,'JUARA 3 KUMITE FESTIVAL PERORANGAN PRA USIA DINI PUTRI -20 KG',NULL,NULL),
(200,'JUARA 1 KUMITE FESTIVAL PERORANGAN PRA USIA DINI PUTRA -25 KG',NULL,NULL),
(201,'JUARA 2 KUMITE FESTIVAL PERORANGAN PRA USIA DINI PUTRA -25 KG',NULL,NULL),
(202,'JUARA 3 KUMITE FESTIVAL PERORANGAN PRA USIA DINI PUTRA -25 KG',NULL,NULL),
(203,'JUARA 1 KUMITE FESTIVAL PERORANGAN PRA USIA DINI PUTRA +35 KG',NULL,NULL),
(204,'JUARA 2 KUMITE FESTIVAL PERORANGAN PRA USIA DINI PUTRA +35 KG',NULL,NULL),
(205,'JUARA 1 KUMITE FESTIVAL PERORANGAN PRA PEMULA PUTRA -30 KG',NULL,NULL),
(206,'JUARA 2 KUMITE FESTIVAL PERORANGAN PRA PEMULA PUTRA -30 KG',NULL,NULL),
(207,'JUARA 3 KUMITE FESTIVAL PERORANGAN PRA PEMULA PUTRA -30 KG',NULL,NULL),
(208,'JUARA 1 KUMITE FESTIVAL PERORANGAN PRA PEMULA PUTRI -30 KG',NULL,NULL),
(209,'JUARA 2 KUMITE FESTIVAL PERORANGAN PRA PEMULA PUTRI -30 KG',NULL,NULL),
(210,'JUARA 3 KUMITE FESTIVAL PERORANGAN PRA PEMULA PUTRI -30 KG',NULL,NULL),
(211,'JUARA 1 KUMITE FESTIVAL PERORANGAN PRA PEMULA PUTRA -35 KG',NULL,NULL),
(212,'JUARA 2 KUMITE FESTIVAL PERORANGAN PRA PEMULA PUTRA -35 KG',NULL,NULL),
(213,'JUARA 3 KUMITE FESTIVAL PERORANGAN PRA PEMULA PUTRA -35 KG',NULL,NULL),
(214,'JUARA 1 KUMITE FESTIVAL PERORANGAN PRA PEMULA PUTRI -35 KG ',NULL,NULL),
(215,'JUARA 2 KUMITE FESTIVAL PERORANGAN PRA PEMULA PUTRI -35 KG ',NULL,NULL),
(216,'JUARA 3 KUMITE FESTIVAL PERORANGAN PRA PEMULA PUTRI -35 KG ',NULL,NULL),
(217,'JUARA 1 KUMITE FESTIVAL PERORANGAN PRA PEMULA PUTRA -40 KG',NULL,NULL),
(218,'JUARA 2 KUMITE FESTIVAL PERORANGAN PRA PEMULA PUTRA -40 KG',NULL,NULL),
(219,'JUARA 3 KUMITE FESTIVAL PERORANGAN PRA PEMULA PUTRA -40 KG',NULL,NULL),
(220,'JUARA 1 KUMITE FESTIVAL PERORANGAN PRA PEMULA PUTRI -40 KG',NULL,NULL),
(221,'JUARA 2 KUMITE FESTIVAL PERORANGAN PRA PEMULA PUTRI -40 KG',NULL,NULL),
(222,'JUARA 3 KUMITE FESTIVAL PERORANGAN PRA PEMULA PUTRI -40 KG ',NULL,NULL),
(223,'JUARA 1 KUMITE FESTIVAL PERORANGAN PRA PEMULA PUTRA -45 KG ',NULL,NULL),
(224,'JUARA 2 KUMITE FESTIVAL PERORANGAN PRA PEMULA PUTRA -45 KG ',NULL,NULL),
(225,'JUARA 3 KUMITE FESTIVAL PERORANGAN PRA PEMULA PUTRA -45 KG ',NULL,NULL),
(226,'JUARA 1 KUMITE FESTIVAL PERORANGAN PRA PEMULA PUTRI -45 KG ',NULL,NULL),
(227,'JUARA 2 KUMITE FESTIVAL PERORANGAN PRA PEMULA PUTRI -45 KG ',NULL,NULL),
(228,'JUARA 3 KUMITE FESTIVAL PERORANGAN PRA PEMULA PUTRI -45 KG ',NULL,NULL),
(229,'JUARA 1 KUMITE FESTIVAL PERORANGAN PRA PEMULA PUTRI +45 KG ',NULL,NULL),
(230,'JUARA 2 KUMITE FESTIVAL PERORANGAN PRA PEMULA PUTRI +45 KG ',NULL,NULL),
(231,'JUARA 3 KUMITE FESTIVAL PERORANGAN PRA PEMULA PUTRI +45 KG ',NULL,NULL),
(232,'JUARA 1 KUMITE FESTIVAL PERORANGAN KADET PUTRI +55 KG ',NULL,NULL),
(233,'JUARA 2 KUMITE FESTIVAL PERORANGAN KADET PUTRI +55 KG',NULL,NULL),
(234,'JUARA 3 KUMITE FESTIVAL PERORANGAN KADET PUTRI +55 KG',NULL,NULL),
(235,'JUARA 1 KUMITE FESTIVAL PERORANGAN KADET PUTRI -55 KG',NULL,NULL),
(236,'JUARA 2 KUMITE FESTIVAL PERORANGAN KADET PUTRI -55 KG',NULL,NULL),
(237,'JUARA 3 KUMITE FESTIVAL PERORANGAN KADET PUTRI -55 KG',NULL,NULL),
(238,'JUARA 1 KUMITE FESTIVAL PERORANGAN KADET PUTRA -55 KG',NULL,NULL),
(239,'JUARA 2 KUMITE FESTIVAL PERORANGAN KADET PUTRA -55 KG',NULL,NULL),
(240,'JUARA 3 KUMITE FESTIVAL PERORANGAN KADET PUTRA -55 KG',NULL,NULL),
(241,'JUARA 1 KUMITE FESTIVAL PERORANGAN KADET PUTRA +55 KG ',NULL,NULL),
(242,'JUARA 2 KUMITE FESTIVAL PERORANGAN KADET PUTRA +55 KG ',NULL,NULL),
(243,'JUARA 3 KUMITE FESTIVAL PERORANGAN KADET PUTRA  +55 KG ',NULL,NULL);

/*!40101 SET SQL_MODE=@OLD_SQL_MODE */;
/*!40014 SET FOREIGN_KEY_CHECKS=@OLD_FOREIGN_KEY_CHECKS */;
/*!40014 SET UNIQUE_CHECKS=@OLD_UNIQUE_CHECKS */;
/*!40111 SET SQL_NOTES=@OLD_SQL_NOTES */;
